event_id,device_id,timestamp,latitude,longitude,city
EV02861,D028,2026-01-01 00:55:17,-5.15299,119.44527,Makassar
EV00004,D039,2026-01-01 01:18:42,-5.13982,119.43645,Makassar
EV03422,D050,2026-01-01 02:16:00,-5.14579,119.47105,Makassar
EV01079,D079,2026-01-01 02:56:54,-5.16664,119.42312,Makassar
EV03773,D047,2026-01-01 03:05:00,-6.86309,107.52392,Bandung
EV03698,D063,2026-01-01 03:19:54,-6.8838,107.67231,Bandung
EV01260,D062,2026-01-01 04:13:05,3.55753,98.6975,Medan
EV01544,D046,2026-01-01 04:38:28,-5.16282,119.4803,Makassar
EV01756,D044,2026-01-01 04:45:17,-6.2756,106.83333,Jakarta
EV02548,D032,2026-01-01 05:48:38,-5.11454,119.44541,Makassar
EV03874,D063,2026-01-01 06:01:02,-6.84648,107.58154,Bandung
EV02850,D047,2026-01-01 07:02:27,-6.81659,107.54936,Bandung
EV00389,D008,2026-01-01 07:15:07,-6.11776,106.71952,Jakarta
EV01531,D062,2026-01-01 09:17:31,3.58024,98.65916,Medan
EV01655,D035,2026-01-01 09:19:50,3.57851,98.62984,Medan
EV00898,D019,2026-01-01 09:36:20,-7.28396,112.70953,Surabaya
EV01527,D063,2026-01-01 10:00:19,-6.85656,107.64367,Bandung
EV01796,D048,2026-01-01 10:41:26,-5.10934,119.4594,Makassar
EV01265,D065,2026-01-01 10:46:28,-7.26495,112.78567,Surabaya
EV02846,D048,2026-01-01 13:10:44,-5.1246,119.47168,Makassar
EV00109,D056,2026-01-01 13:23:21,-7.20047,112.71183,Surabaya
EV03602,D029,2026-01-01 13:24:03,-6.87866,107.60988,Bandung
EV00342,D020,2026-01-01 13:45:53,-5.19001,119.45749,Makassar
EV02991,D073,2026-01-01 13:48:41,-6.20477,106.84169,Jakarta
EV03423,D009,2026-01-01 13:55:58,3.65037,98.64243,Medan
EV02264,D066,2026-01-01 14:13:42,-6.81028,107.54685,Bandung
EV02245,D022,2026-01-01 15:53:25,3.55788,98.64704,Medan
EV03037,D013,2026-01-01 16:26:17,-6.16954,106.87894,Jakarta
EV00503,D018,2026-01-01 16:38:28,-6.13323,106.70673,Jakarta
EV00884,D086,2026-01-01 17:34:26,-5.16465,119.47913,Makassar
EV01637,D081,2026-01-01 17:51:53,-5.16538,119.46024,Makassar
EV01697,D017,2026-01-01 18:08:44,-5.16764,119.48524,Makassar
EV00737,D089,2026-01-01 18:52:22,-7.28137,112.74961,Surabaya
EV03308,D080,2026-01-01 19:00:30,-7.25339,112.7694,Surabaya
EV00157,D045,2026-01-01 19:03:37,-7.24805,112.73822,Surabaya
EV00962,D041,2026-01-01 21:17:59,-7.22861,112.75078,Surabaya
EV00464,D019,2026-01-01 21:18:29,-7.29219,112.7051,Surabaya
EV02648,D028,2026-01-01 21:28:33,-5.19841,119.44341,Makassar
EV00958,D092,2026-01-01 22:12:15,-6.81045,107.56832,Bandung
EV03362,D036,2026-01-01 22:47:08,-6.1107,106.7056,Jakarta
EV03413,D061,2026-01-01 23:00:53,-6.83681,107.66044,Bandung
EV03100,D084,2026-01-01 23:05:50,-7.23149,112.70781,Surabaya
EV02192,D088,2026-01-01 23:17:32,-5.14817,119.44457,Makassar
EV01001,D053,2026-01-01 23:28:08,3.51739,98.69969,Medan
EV01895,D024,2026-01-02 00:02:27,3.62013,98.6814,Medan
EV02584,D019,2026-01-02 00:27:29,-7.20376,112.74936,Surabaya
EV03611,D046,2026-01-02 01:04:16,-5.13054,119.46756,Makassar
EV01330,D051,2026-01-02 01:11:19,-6.14348,106.73294,Jakarta
EV00025,D048,2026-01-02 01:15:54,-5.17315,119.4452,Makassar
EV01036,D075,2026-01-02 01:45:13,-7.23808,112.78316,Surabaya
EV01991,D006,2026-01-02 01:52:40,-7.22697,112.77067,Surabaya
EV02762,D079,2026-01-02 02:04:49,-5.12487,119.49829,Makassar
EV00712,D043,2026-01-02 03:18:54,-6.23644,106.82104,Jakarta
EV00285,D069,2026-01-02 03:38:00,-7.26633,112.75523,Surabaya
EV00339,D030,2026-01-02 04:06:55,3.58825,98.66821,Medan
EV02979,D033,2026-01-02 04:11:04,-5.17681,119.42048,Makassar
EV01806,D081,2026-01-02 04:56:52,-5.16364,119.48632,Makassar
EV01658,D043,2026-01-02 04:58:07,-6.21363,106.7628,Jakarta
EV00065,D010,2026-01-02 05:17:35,-5.15123,119.44628,Makassar
EV02046,D039,2026-01-02 06:01:19,-5.16576,119.48621,Makassar
EV03794,D033,2026-01-02 06:19:12,-5.1313,119.46573,Makassar
EV02511,D026,2026-01-02 07:16:42,-6.80467,107.68811,Bandung
EV02784,D027,2026-01-02 07:26:39,-6.8401,107.69838,Bandung
EV03716,D007,2026-01-02 07:47:01,-5.13561,119.49086,Makassar
EV02698,D052,2026-01-02 07:48:43,-7.23316,112.70621,Surabaya
EV03908,D008,2026-01-02 07:56:18,-6.13993,106.88482,Jakarta
EV02437,D028,2026-01-02 08:00:22,-5.18598,119.46909,Makassar
EV03208,D025,2026-01-02 08:05:43,3.60573,98.62616,Medan
EV03899,D071,2026-01-02 08:49:17,-6.87691,107.69833,Bandung
EV02919,D007,2026-01-02 10:01:47,-5.19472,119.40724,Makassar
EV03974,D033,2026-01-02 10:20:42,-5.15429,119.45127,Makassar
EV02062,D079,2026-01-02 10:47:11,-5.13544,119.47622,Makassar
EV00064,D012,2026-01-02 10:47:41,-6.12093,106.83174,Jakarta
EV01355,D065,2026-01-02 11:26:33,-7.23222,112.79557,Surabaya
EV01989,D064,2026-01-02 12:01:32,-5.15264,119.4426,Makassar
EV00756,D043,2026-01-02 12:04:35,-6.22848,106.81218,Jakarta
EV03847,D019,2026-01-02 12:36:43,-7.23968,112.77989,Surabaya
EV02863,D004,2026-01-02 13:17:52,-7.20584,112.78593,Surabaya
EV01633,D002,2026-01-02 13:54:36,-6.82575,107.58644,Bandung
EV03705,D094,2026-01-02 14:04:47,-5.12029,119.4136,Makassar
EV02772,D019,2026-01-02 15:06:21,-7.27108,112.77454,Surabaya
EV02318,D015,2026-01-02 16:13:54,3.68761,98.68447,Medan
EV01987,D009,2026-01-02 16:38:45,3.69109,98.69394,Medan
EV02017,D054,2026-01-02 16:49:15,-5.1283,119.43028,Makassar
EV02027,D023,2026-01-02 17:53:10,-7.21605,112.73779,Surabaya
EV02714,D093,2026-01-02 17:54:23,-7.297,112.79666,Surabaya
EV02901,D069,2026-01-02 18:04:50,-7.22836,112.70363,Surabaya
EV01439,D093,2026-01-02 18:52:12,-7.2711,112.72994,Surabaya
EV01109,D070,2026-01-02 19:34:16,-7.2386,112.79833,Surabaya
EV01194,D065,2026-01-02 20:17:09,-7.21289,112.72131,Surabaya
EV00929,D031,2026-01-02 20:46:34,3.58694,98.65763,Medan
EV00442,D039,2026-01-02 22:02:06,-5.15749,119.43081,Makassar
EV02955,D023,2026-01-02 22:02:28,-7.2692,112.76163,Surabaya
EV01353,D059,2026-01-02 22:39:13,-7.20171,112.75771,Surabaya
EV00335,D052,2026-01-02 23:25:17,-7.20665,112.79717,Surabaya
EV02565,D074,2026-01-02 23:35:39,-7.21857,112.72954,Surabaya
EV00248,D033,2026-01-02 23:58:54,-5.14738,119.41121,Makassar
EV02952,D053,2026-01-03 00:06:21,3.66185,98.67162,Medan
EV02972,D045,2026-01-03 00:16:32,-7.25858,112.78276,Surabaya
EV00970,D017,2026-01-03 00:39:58,-5.17845,119.45003,Makassar
EV01226,D080,2026-01-03 00:43:14,-7.24657,112.79533,Surabaya
EV01489,D079,2026-01-03 01:12:49,-5.11052,119.42274,Makassar
EV02752,D066,2026-01-03 02:53:08,-6.80101,107.64298,Bandung
EV00868,D078,2026-01-03 03:30:41,-6.2003,106.72612,Jakarta
EV02930,D036,2026-01-03 03:36:33,-6.26258,106.89699,Jakarta
EV00628,D086,2026-01-03 05:18:47,-5.19557,119.42739,Makassar
EV00270,D007,2026-01-03 10:40:19,-5.18348,119.49192,Makassar
EV03750,D042,2026-01-03 10:43:46,-6.83916,107.54284,Bandung
EV01540,D032,2026-01-03 11:13:35,-5.1978,119.43738,Makassar
EV03025,D040,2026-01-03 11:27:18,-5.1105,119.47431,Makassar
EV02023,D021,2026-01-03 12:06:46,3.50831,98.62063,Medan
EV03389,D003,2026-01-03 12:09:51,-6.12904,106.85089,Jakarta
EV02593,D005,2026-01-03 12:12:11,-6.82467,107.57308,Bandung
EV03748,D089,2026-01-03 12:12:29,-7.22811,112.73573,Surabaya
EV02529,D058,2026-01-03 12:40:42,-5.12263,119.44886,Makassar
EV01946,D086,2026-01-03 13:02:00,-5.1285,119.44702,Makassar
EV03464,D067,2026-01-03 13:49:01,-5.15208,119.46001,Makassar
EV02797,D002,2026-01-03 14:08:17,-6.83748,107.6678,Bandung
EV02570,D018,2026-01-03 16:50:06,-6.16411,106.75442,Jakarta
EV01720,D025,2026-01-03 16:52:33,3.60069,98.65917,Medan
EV03477,D085,2026-01-03 17:52:45,3.58914,98.69678,Medan
EV01584,D030,2026-01-03 17:57:44,3.50228,98.66968,Medan
EV03932,D080,2026-01-03 18:40:16,-7.27377,112.70267,Surabaya
EV00197,D085,2026-01-03 19:42:34,3.67472,98.69274,Medan
EV00101,D079,2026-01-03 20:23:12,-5.17557,119.45599,Makassar
EV02349,D016,2026-01-03 20:28:24,-7.22649,112.74073,Surabaya
EV02424,D068,2026-01-03 21:14:27,-6.86212,107.66257,Bandung
EV00822,D093,2026-01-03 22:30:58,-7.23408,112.76147,Surabaya
EV00213,D094,2026-01-03 23:11:18,-5.10513,119.45736,Makassar
EV00471,D084,2026-01-03 23:23:44,-7.27896,112.73417,Surabaya
EV02381,D015,2026-01-04 01:19:33,3.66784,98.6248,Medan
EV01618,D055,2026-01-04 03:29:00,-5.15246,119.41441,Makassar
EV00183,D057,2026-01-04 03:58:27,-5.10815,119.45749,Makassar
EV01705,D059,2026-01-04 04:46:01,-7.20164,112.79722,Surabaya
EV03858,D009,2026-01-04 06:27:04,3.51637,98.65041,Medan
EV00252,D071,2026-01-04 06:48:28,-6.82273,107.59174,Bandung
EV02296,D054,2026-01-04 07:30:03,-5.11652,119.40888,Makassar
EV01719,D048,2026-01-04 08:07:03,-5.13887,119.44306,Makassar
EV02883,D015,2026-01-04 08:41:42,3.65164,98.69902,Medan
EV01193,D073,2026-01-04 08:53:29,-6.21131,106.79005,Jakarta
EV03812,D014,2026-01-04 08:57:02,-7.26958,112.73377,Surabaya
EV00917,D007,2026-01-04 10:45:48,-5.16662,119.41168,Makassar
EV00773,D059,2026-01-04 11:50:36,-7.26213,112.75955,Surabaya
EV02514,D008,2026-01-04 12:09:56,-6.17696,106.71889,Jakarta
EV03700,D025,2026-01-04 12:19:16,3.58105,98.63626,Medan
EV00176,D082,2026-01-04 12:30:31,-6.12181,106.7819,Jakarta
EV03472,D046,2026-01-04 12:33:04,-5.11756,119.46519,Makassar
EV01790,D020,2026-01-04 14:44:25,-5.11061,119.45102,Makassar
EV01298,D064,2026-01-04 14:52:04,-5.13454,119.48054,Makassar
EV01992,D025,2026-01-04 15:52:13,3.67115,98.62369,Medan
EV00785,D093,2026-01-04 16:03:14,-7.21053,112.76583,Surabaya
EV02509,D032,2026-01-04 16:07:55,-5.11145,119.47807,Makassar
EV01134,D030,2026-01-04 16:30:22,3.69644,98.66511,Medan
EV03918,D031,2026-01-04 16:44:03,3.5136,98.62537,Medan
EV03379,D073,2026-01-04 17:48:09,-6.13702,106.74187,Jakarta
EV00571,D082,2026-01-04 18:42:47,-6.27526,106.7052,Jakarta
EV02677,D078,2026-01-04 18:48:51,-6.19012,106.83974,Jakarta
EV00486,D065,2026-01-04 20:34:05,-7.26545,112.74061,Surabaya
EV00317,D022,2026-01-04 21:21:25,3.58628,98.63563,Medan
EV01551,D044,2026-01-04 21:55:16,-6.14055,106.82639,Jakarta
EV02738,D044,2026-01-04 22:04:02,-6.18357,106.77119,Jakarta
EV01116,D075,2026-01-04 22:29:30,-7.21357,112.73297,Surabaya
EV00413,D004,2026-01-04 22:34:10,-7.29252,112.75126,Surabaya
EV03337,D052,2026-01-04 22:43:07,-7.24542,112.77617,Surabaya
EV02331,D029,2026-01-04 22:46:04,-6.83209,107.53767,Bandung
EV03516,D054,2026-01-04 23:07:13,-5.12903,119.49208,Makassar
EV01626,D031,2026-01-04 23:36:47,3.59492,98.6489,Medan
EV01014,D025,2026-01-04 23:51:07,3.548,98.69242,Medan
EV00300,D058,2026-01-05 00:30:23,-5.10936,119.40055,Makassar
EV00057,D083,2026-01-05 00:38:37,3.54311,98.66739,Medan
EV01532,D054,2026-01-05 00:38:54,-5.19883,119.41183,Makassar
EV03547,D014,2026-01-05 01:51:07,-7.22224,112.73166,Surabaya
EV01341,D004,2026-01-05 01:51:09,-7.23791,112.76666,Surabaya
EV02780,D040,2026-01-05 02:38:50,-5.11155,119.46069,Makassar
EV02751,D032,2026-01-05 04:03:54,-5.10564,119.46179,Makassar
EV02164,D022,2026-01-05 05:02:23,3.68865,98.66517,Medan
EV00866,D053,2026-01-05 05:02:59,3.63742,98.66481,Medan
EV01638,D094,2026-01-05 05:13:44,-5.11263,119.41929,Makassar
EV01609,D072,2026-01-05 06:09:45,-5.19545,119.49167,Makassar
EV02611,D088,2026-01-05 06:25:11,-5.14647,119.47366,Makassar
EV03334,D027,2026-01-05 07:11:33,-6.85592,107.55948,Bandung
EV02586,D067,2026-01-05 07:34:57,-5.15105,119.45495,Makassar
EV02067,D058,2026-01-05 07:54:44,-5.11368,119.46939,Makassar
EV02906,D035,2026-01-05 07:56:27,3.62768,98.64564,Medan
EV03048,D026,2026-01-05 08:12:36,-6.89292,107.53612,Bandung
EV01344,D005,2026-01-05 08:19:55,-6.88733,107.65323,Bandung
EV03368,D006,2026-01-05 08:22:00,-7.26859,112.70107,Surabaya
EV01254,D001,2026-01-05 08:30:09,-7.29035,112.77943,Surabaya
EV01085,D094,2026-01-05 08:46:11,-5.12318,119.45232,Makassar
EV02546,D082,2026-01-05 09:14:24,-6.21125,106.79391,Jakarta
EV03859,D025,2026-01-05 10:16:46,3.50597,98.68856,Medan
EV01440,D002,2026-01-05 12:01:58,-6.80895,107.5502,Bandung
EV01601,D032,2026-01-05 12:26:31,-5.17568,119.43107,Makassar
EV01028,D023,2026-01-05 13:22:53,-7.26482,112.78283,Surabaya
EV03195,D089,2026-01-05 14:04:29,-7.29261,112.77724,Surabaya
EV01165,D024,2026-01-05 16:01:18,3.6504,98.63743,Medan
EV02874,D001,2026-01-05 16:19:23,-7.29005,112.71068,Surabaya
EV00761,D051,2026-01-05 17:07:39,-6.28458,106.74233,Jakarta
EV00834,D012,2026-01-05 17:35:44,-6.12641,106.84281,Jakarta
EV00869,D092,2026-01-05 17:38:17,-6.85974,107.58139,Bandung
EV03552,D087,2026-01-05 18:15:39,-6.1311,106.87713,Jakarta
EV01906,D001,2026-01-05 18:31:22,-7.22919,112.77726,Surabaya
EV03021,D028,2026-01-05 19:25:40,-5.11121,119.42032,Makassar
EV00308,D001,2026-01-05 19:29:41,-7.25581,112.70207,Surabaya
EV00403,D010,2026-01-05 19:53:38,-5.18075,119.40567,Makassar
EV00795,D013,2026-01-05 20:49:44,-6.14996,106.74123,Jakarta
EV03668,D015,2026-01-05 22:44:44,3.51917,98.69663,Medan
EV01682,D083,2026-01-05 22:56:24,3.53456,98.63655,Medan
EV00963,D026,2026-01-05 23:11:13,-6.85026,107.5569,Bandung
EV01461,D021,2026-01-05 23:27:58,3.59529,98.67128,Medan
EV00320,D037,2026-01-06 00:09:08,-5.12285,119.42157,Makassar
EV02251,D086,2026-01-06 00:40:05,-5.17096,119.46836,Makassar
EV01836,D010,2026-01-06 01:04:00,-5.12731,119.42043,Makassar
EV03039,D046,2026-01-06 01:24:28,-5.1501,119.43257,Makassar
EV00988,D006,2026-01-06 01:24:35,-7.2114,112.72788,Surabaya
EV03795,D095,2026-01-06 01:33:17,-7.20253,112.7813,Surabaya
EV02210,D095,2026-01-06 02:03:53,-7.24978,112.78362,Surabaya
EV03670,D047,2026-01-06 02:15:44,-6.87602,107.5919,Bandung
EV03850,D026,2026-01-06 02:39:51,-6.88195,107.5283,Bandung
EV00835,D028,2026-01-06 02:52:28,-5.11812,119.42261,Makassar
EV01159,D081,2026-01-06 03:14:43,-5.10091,119.43684,Makassar
EV00324,D068,2026-01-06 03:15:46,-6.8857,107.66542,Bandung
EV02792,D077,2026-01-06 03:33:17,-6.13458,106.79681,Jakarta
EV00345,D072,2026-01-06 04:19:25,-5.18157,119.48647,Makassar
EV03746,D031,2026-01-06 04:53:15,3.62095,98.67126,Medan
EV03185,D092,2026-01-06 05:22:18,-6.85007,107.62496,Bandung
EV02357,D017,2026-01-06 05:41:56,-5.12752,119.46661,Makassar
EV02969,D012,2026-01-06 06:12:17,-6.1057,106.8903,Jakarta
EV03916,D072,2026-01-06 06:24:46,-5.12211,119.46195,Makassar
EV02505,D082,2026-01-06 06:35:04,-6.16425,106.7495,Jakarta
EV00549,D088,2026-01-06 06:47:48,-5.18781,119.49978,Makassar
EV03041,D007,2026-01-06 08:04:20,-5.10872,119.48346,Makassar
EV03763,D017,2026-01-06 08:24:24,-5.18279,119.43497,Makassar
EV02451,D090,2026-01-06 09:06:34,-6.81046,107.5058,Bandung
EV01191,D050,2026-01-06 09:09:20,-5.14195,119.49327,Makassar
EV02366,D057,2026-01-06 09:19:51,-5.18431,119.46426,Makassar
EV02165,D012,2026-01-06 09:28:53,-6.25499,106.70134,Jakarta
EV02377,D022,2026-01-06 09:42:53,3.66936,98.66587,Medan
EV03012,D035,2026-01-06 10:00:39,3.59782,98.63343,Medan
EV01873,D065,2026-01-06 10:01:47,-7.22114,112.73526,Surabaya
EV02545,D054,2026-01-06 10:19:10,-5.1742,119.48252,Makassar
EV00586,D092,2026-01-06 10:44:14,-6.82956,107.54178,Bandung
EV01899,D023,2026-01-06 11:17:12,-7.26254,112.73658,Surabaya
EV01553,D071,2026-01-06 11:23:54,-6.89213,107.56704,Bandung
EV00360,D092,2026-01-06 11:49:48,-6.80643,107.61613,Bandung
EV00058,D090,2026-01-06 11:51:16,-6.81479,107.64215,Bandung
EV00950,D088,2026-01-06 11:57:53,-5.19921,119.40141,Makassar
EV00282,D051,2026-01-06 12:06:13,-6.22857,106.77839,Jakarta
EV01805,D094,2026-01-06 12:33:40,-5.19633,119.47844,Makassar
EV01592,D094,2026-01-06 12:34:08,-5.19787,119.4119,Makassar
EV02422,D015,2026-01-06 14:31:41,3.66234,98.69189,Medan
EV01019,D080,2026-01-06 15:13:05,-7.28588,112.77151,Surabaya
EV03063,D072,2026-01-06 15:44:11,-5.15698,119.47767,Makassar
EV00500,D084,2026-01-06 16:13:48,-7.2656,112.78937,Surabaya
EV03813,D014,2026-01-06 16:17:44,-7.24257,112.73486,Surabaya
EV02510,D015,2026-01-06 16:50:15,3.57965,98.66881,Medan
EV01708,D089,2026-01-06 16:56:28,-7.26861,112.70773,Surabaya
EV03412,D024,2026-01-06 17:58:40,3.59055,98.64945,Medan
EV01067,D083,2026-01-06 18:17:56,3.62593,98.63929,Medan
EV02175,D012,2026-01-06 18:29:27,-6.10459,106.82055,Jakarta
EV00401,D092,2026-01-06 18:54:32,-6.86185,107.66118,Bandung
EV02508,D021,2026-01-06 19:09:23,3.58955,98.63185,Medan
EV03310,D090,2026-01-06 19:24:25,-6.83475,107.67925,Bandung
EV03506,D009,2026-01-06 19:55:38,3.55961,98.65766,Medan
EV03995,D070,2026-01-06 20:24:27,-7.24749,112.77772,Surabaya
EV01021,D025,2026-01-06 21:06:26,3.57355,98.60996,Medan
EV00210,D073,2026-01-06 21:19:33,-6.13144,106.75192,Jakarta
EV02140,D075,2026-01-06 21:25:43,-7.29958,112.76393,Surabaya
EV02079,D034,2026-01-06 21:57:51,3.64615,98.68566,Medan
EV03909,D060,2026-01-06 22:04:26,-6.82552,107.52991,Bandung
EV00228,D054,2026-01-06 22:13:09,-5.15189,119.45585,Makassar
EV00459,D042,2026-01-06 22:15:37,-6.85588,107.67589,Bandung
EV02647,D072,2026-01-06 22:43:46,-5.17437,119.4512,Makassar
EV03142,D083,2026-01-06 23:59:02,3.58639,98.62082,Medan
EV03742,D029,2026-01-07 00:12:10,-6.80354,107.51123,Bandung
EV01103,D042,2026-01-07 00:38:07,-6.86085,107.54377,Bandung
EV04000,D087,2026-01-07 02:01:05,-6.26034,106.85441,Jakarta
EV00990,D038,2026-01-07 02:28:34,-6.84121,107.66674,Bandung
EV02970,D038,2026-01-07 02:37:21,-6.89044,107.68449,Bandung
EV02912,D046,2026-01-07 02:38:50,-5.13422,119.43924,Makassar
EV02547,D060,2026-01-07 02:47:01,-6.84704,107.58625,Bandung
EV01891,D009,2026-01-07 04:27:23,3.65616,98.65528,Medan
EV01639,D050,2026-01-07 04:54:40,-5.11973,119.40737,Makassar
EV00658,D064,2026-01-07 05:50:15,-5.14687,119.46227,Makassar
EV00727,D007,2026-01-07 06:20:28,-5.12243,119.48676,Makassar
EV00059,D023,2026-01-07 06:23:38,-7.22138,112.708,Surabaya
EV00904,D040,2026-01-07 07:13:06,-5.17653,119.41734,Makassar
EV01219,D084,2026-01-07 07:44:17,-7.29201,112.70998,Surabaya
EV02015,D039,2026-01-07 07:45:17,-5.18289,119.4282,Makassar
EV03154,D039,2026-01-07 07:52:54,-5.195,119.4428,Makassar
EV03164,D078,2026-01-07 08:08:47,-6.25991,106.88165,Jakarta
EV03108,D069,2026-01-07 08:25:24,-7.25453,112.70903,Surabaya
EV00080,D037,2026-01-07 08:45:56,-5.15141,119.46975,Makassar
EV02936,D041,2026-01-07 09:34:41,-7.23029,112.76085,Surabaya
EV02796,D067,2026-01-07 09:36:25,-5.10764,119.41287,Makassar
EV03495,D090,2026-01-07 09:45:15,-6.8043,107.52467,Bandung
EV03755,D013,2026-01-07 09:57:37,-6.11292,106.83074,Jakarta
EV00072,D033,2026-01-07 10:24:20,-5.16363,119.49433,Makassar
EV02688,D041,2026-01-07 11:53:13,-7.28275,112.73043,Surabaya
EV02346,D065,2026-01-07 12:04:49,-7.27392,112.72498,Surabaya
EV00830,D004,2026-01-07 13:05:23,-7.2038,112.78084,Surabaya
EV02202,D074,2026-01-07 13:43:43,-7.24409,112.70798,Surabaya
EV03112,D084,2026-01-07 14:15:25,-7.264,112.78313,Surabaya
EV02958,D071,2026-01-07 14:17:07,-6.88997,107.68803,Bandung
EV03697,D001,2026-01-07 14:26:14,-7.25467,112.73167,Surabaya
EV03365,D053,2026-01-07 14:34:52,3.69393,98.64717,Medan
EV02198,D052,2026-01-07 16:15:45,-7.23146,112.71398,Surabaya
EV02426,D093,2026-01-07 16:25:17,-7.28431,112.77998,Surabaya
EV00787,D008,2026-01-07 16:32:01,-6.17702,106.89506,Jakarta
EV03692,D093,2026-01-07 17:04:05,-7.27082,112.70031,Surabaya
EV02980,D032,2026-01-07 17:32:09,-5.14042,119.42511,Makassar
EV03053,D014,2026-01-07 17:32:47,-7.20962,112.76279,Surabaya
EV01939,D040,2026-01-07 18:11:38,-5.13667,119.46338,Makassar
EV03733,D080,2026-01-07 19:03:41,-7.26468,112.76342,Surabaya
EV00093,D058,2026-01-07 19:54:16,-5.18358,119.48674,Makassar
EV01683,D043,2026-01-07 20:40:12,-6.24427,106.74616,Jakarta
EV01896,D095,2026-01-07 20:58:02,-7.23362,112.76185,Surabaya
EV02322,D059,2026-01-07 20:58:03,-7.20075,112.78099,Surabaya
EV00384,D080,2026-01-07 21:03:57,-7.21649,112.77694,Surabaya
EV02343,D052,2026-01-07 21:18:03,-7.24367,112.75518,Surabaya
EV02407,D093,2026-01-07 22:02:03,-7.20534,112.79646,Surabaya
EV03182,D044,2026-01-07 22:48:31,-6.27282,106.82934,Jakarta
EV03007,D045,2026-01-07 23:00:39,-7.24386,112.72412,Surabaya
EV03494,D086,2026-01-07 23:03:16,-5.14063,119.4198,Makassar
EV03905,D021,2026-01-07 23:11:05,3.54713,98.63374,Medan
EV02414,D006,2026-01-07 23:27:34,-7.25141,112.72275,Surabaya
EV01398,D093,2026-01-08 00:57:13,-7.2004,112.77075,Surabaya
EV02019,D010,2026-01-08 01:04:45,-5.12094,119.48461,Makassar
EV01861,D053,2026-01-08 01:25:05,3.67755,98.66518,Medan
EV03923,D002,2026-01-08 02:09:03,-6.84432,107.66695,Bandung
EV00696,D055,2026-01-08 03:09:32,-5.18541,119.48214,Makassar
EV01428,D021,2026-01-08 03:45:07,3.63023,98.61546,Medan
EV03459,D070,2026-01-08 03:56:17,-7.25193,112.70818,Surabaya
EV02470,D086,2026-01-08 04:23:57,-5.12384,119.41147,Makassar
EV03485,D060,2026-01-08 04:58:50,-6.81354,107.53807,Bandung
EV01277,D056,2026-01-08 05:45:22,-7.29983,112.70807,Surabaya
EV01131,D031,2026-01-08 05:56:11,3.69799,98.64905,Medan
EV03449,D049,2026-01-08 06:34:21,3.56992,98.61778,Medan
EV03804,D015,2026-01-08 06:45:33,3.65123,98.65454,Medan
EV00395,D057,2026-01-08 07:06:56,-5.15481,119.47349,Makassar
EV00852,D005,2026-01-08 07:07:42,-6.80535,107.53065,Bandung
EV03886,D002,2026-01-08 07:30:45,-6.87486,107.554,Bandung
EV01363,D051,2026-01-08 08:04:56,-6.28909,106.89301,Jakarta
EV00675,D062,2026-01-08 08:22:14,3.525,98.61829,Medan
EV00310,D094,2026-01-08 08:46:45,-5.12729,119.41364,Makassar
EV03975,D079,2026-01-08 10:11:55,-5.10425,119.47412,Makassar
EV00933,D058,2026-01-08 10:28:51,-5.18877,119.42641,Makassar
EV00372,D070,2026-01-08 11:54:37,-7.24964,112.76117,Surabaya
EV00614,D092,2026-01-08 12:24:38,-6.88756,107.53198,Bandung
EV00764,D038,2026-01-08 13:19:06,-6.81706,107.67855,Bandung
EV02614,D021,2026-01-08 13:32:32,3.68319,98.69474,Medan
EV02990,D070,2026-01-08 15:03:44,-7.24939,112.72104,Surabaya
EV02480,D063,2026-01-08 15:19:03,-6.85179,107.51471,Bandung
EV03554,D039,2026-01-08 15:45:19,-5.18888,119.45744,Makassar
EV03286,D085,2026-01-08 16:59:05,3.55803,98.69785,Medan
EV02536,D089,2026-01-08 18:29:28,-7.25182,112.78176,Surabaya
EV02957,D020,2026-01-08 19:01:42,-5.19058,119.49942,Makassar
EV03160,D001,2026-01-08 19:13:48,-7.28354,112.74749,Surabaya
EV00951,D055,2026-01-08 19:17:41,-5.13355,119.46347,Makassar
EV00441,D026,2026-01-08 19:37:20,-6.84804,107.68222,Bandung
EV01859,D028,2026-01-08 20:16:44,-5.10106,119.49089,Makassar
EV02012,D086,2026-01-08 20:28:29,-5.18425,119.46752,Makassar
EV01061,D086,2026-01-08 21:53:42,-5.10017,119.45605,Makassar
EV01763,D066,2026-01-08 22:18:41,-6.85174,107.62465,Bandung
EV02988,D037,2026-01-08 23:16:42,-5.16074,119.45731,Makassar
EV01224,D058,2026-01-08 23:39:21,-5.18844,119.43388,Makassar
EV03418,D019,2026-01-08 23:48:15,-7.24809,112.7341,Surabaya
EV00790,D080,2026-01-09 00:31:07,-7.29549,112.76701,Surabaya
EV01397,D072,2026-01-09 00:57:35,-5.16246,119.47313,Makassar
EV03490,D007,2026-01-09 01:56:00,-5.16241,119.40479,Makassar
EV01817,D039,2026-01-09 02:00:36,-5.14494,119.4045,Makassar
EV00306,D077,2026-01-09 02:05:27,-6.13845,106.83827,Jakarta
EV01598,D054,2026-01-09 03:10:18,-5.19757,119.42773,Makassar
EV03135,D049,2026-01-09 03:13:10,3.55724,98.6473,Medan
EV02242,D044,2026-01-09 04:01:06,-6.21114,106.72163,Jakarta
EV02562,D018,2026-01-09 04:44:31,-6.10374,106.77603,Jakarta
EV00923,D059,2026-01-09 04:48:39,-7.20732,112.77139,Surabaya
EV01776,D060,2026-01-09 04:55:12,-6.80442,107.62058,Bandung
EV01462,D064,2026-01-09 06:12:01,-5.13982,119.44873,Makassar
EV02484,D066,2026-01-09 07:12:47,-6.83719,107.51125,Bandung
EV00245,D062,2026-01-09 07:25:15,3.6931,98.6253,Medan
EV02597,D034,2026-01-09 07:26:04,3.63295,98.64029,Medan
EV01924,D014,2026-01-09 07:31:52,-7.26928,112.72906,Surabaya
EV02276,D070,2026-01-09 07:51:59,-7.26679,112.76691,Surabaya
EV01888,D077,2026-01-09 07:59:45,-6.22447,106.72225,Jakarta
EV02602,D063,2026-01-09 08:20:39,-6.81955,107.53543,Bandung
EV00177,D025,2026-01-09 08:28:51,3.54561,98.60247,Medan
EV01566,D024,2026-01-09 08:35:22,3.58417,98.66487,Medan
EV02918,D079,2026-01-09 08:54:22,-5.13091,119.4341,Makassar
EV00875,D069,2026-01-09 09:13:07,-7.27236,112.73597,Surabaya
EV03474,D093,2026-01-09 09:17:38,-7.23845,112.78973,Surabaya
EV01070,D077,2026-01-09 09:33:05,-6.18313,106.70459,Jakarta
EV02465,D033,2026-01-09 09:38:50,-5.14281,119.41178,Makassar
EV03597,D012,2026-01-09 10:34:42,-6.19577,106.8646,Jakarta
EV02160,D028,2026-01-09 12:04:29,-5.11076,119.44617,Makassar
EV02173,D036,2026-01-09 12:10:37,-6.28821,106.86109,Jakarta
EV03078,D068,2026-01-09 12:30:09,-6.82533,107.63911,Bandung
EV00669,D085,2026-01-09 12:41:32,3.58357,98.64873,Medan
EV00903,D074,2026-01-09 13:24:53,-7.28312,112.70114,Surabaya
EV02342,D086,2026-01-09 13:34:41,-5.1688,119.41552,Makassar
EV00214,D082,2026-01-09 14:39:10,-6.26004,106.7994,Jakarta
EV02976,D014,2026-01-09 14:48:39,-7.20049,112.72673,Surabaya
EV00844,D009,2026-01-09 15:15:34,3.54044,98.67485,Medan
EV00966,D021,2026-01-09 15:23:06,3.53116,98.64977,Medan
EV03326,D076,2026-01-09 16:03:45,3.66186,98.65423,Medan
EV02690,D030,2026-01-09 16:18:19,3.62658,98.66578,Medan
EV01362,D017,2026-01-09 16:53:26,-5.18972,119.4451,Makassar
EV03290,D065,2026-01-09 18:30:00,-7.27271,112.71979,Surabaya
EV02433,D057,2026-01-09 19:59:13,-5.16883,119.49469,Makassar
EV01284,D087,2026-01-09 20:23:55,-6.2137,106.83481,Jakarta
EV00948,D020,2026-01-09 21:52:35,-5.15407,119.46034,Makassar
EV00391,D006,2026-01-09 22:07:20,-7.26479,112.77816,Surabaya
EV02838,D071,2026-01-09 22:16:33,-6.87969,107.65901,Bandung
EV00760,D014,2026-01-09 22:46:23,-7.23018,112.7688,Surabaya
EV03883,D067,2026-01-09 22:48:52,-5.1646,119.46812,Makassar
EV00487,D055,2026-01-09 23:03:10,-5.17111,119.44407,Makassar
EV02997,D084,2026-01-09 23:23:58,-7.21764,112.79313,Surabaya
EV01651,D089,2026-01-09 23:25:13,-7.24701,112.79534,Surabaya
EV03647,D074,2026-01-10 00:15:04,-7.28796,112.78091,Surabaya
EV00267,D017,2026-01-10 00:32:14,-5.17361,119.40534,Makassar
EV03581,D022,2026-01-10 00:33:33,3.61339,98.6647,Medan
EV00137,D054,2026-01-10 00:44:39,-5.16142,119.42473,Makassar
EV00075,D080,2026-01-10 01:10:22,-7.26754,112.75519,Surabaya
EV02355,D091,2026-01-10 01:29:09,-6.87442,107.65918,Bandung
EV00022,D095,2026-01-10 01:29:56,-7.23283,112.72206,Surabaya
EV03500,D079,2026-01-10 01:58:55,-5.15919,119.40814,Makassar
EV03994,D065,2026-01-10 02:02:44,-7.28661,112.76892,Surabaya
EV01857,D078,2026-01-10 02:06:19,-6.24014,106.79337,Jakarta
EV02928,D075,2026-01-10 02:29:32,-7.26657,112.78604,Surabaya
EV02559,D023,2026-01-10 02:46:59,-7.21794,112.73811,Surabaya
EV01281,D050,2026-01-10 03:13:36,-5.12387,119.48482,Makassar
EV03121,D005,2026-01-10 03:35:11,-6.83203,107.5247,Bandung
EV03344,D008,2026-01-10 05:02:35,-6.10465,106.70591,Jakarta
EV00220,D071,2026-01-10 05:47:20,-6.85386,107.60965,Bandung
EV03952,D012,2026-01-10 05:51:02,-6.13724,106.75431,Jakarta
EV01890,D005,2026-01-10 06:05:41,-6.89831,107.50478,Bandung
EV01980,D030,2026-01-10 07:01:06,3.6868,98.67546,Medan
EV00315,D069,2026-01-10 07:05:27,-7.2846,112.71843,Surabaya
EV02605,D055,2026-01-10 08:24:53,-5.11753,119.45162,Makassar
EV01497,D031,2026-01-10 08:26:54,3.63607,98.63194,Medan
EV03788,D042,2026-01-10 09:03:20,-6.81355,107.60768,Bandung
EV03181,D021,2026-01-10 09:42:58,3.64356,98.69339,Medan
EV00110,D067,2026-01-10 10:06:09,-5.16251,119.41018,Makassar
EV00583,D067,2026-01-10 10:20:57,-5.14355,119.47119,Makassar
EV00828,D082,2026-01-10 10:55:02,-6.25052,106.81389,Jakarta
EV03440,D010,2026-01-10 12:18:00,-5.18439,119.42484,Makassar
EV03797,D017,2026-01-10 13:13:26,-5.15105,119.45384,Makassar
EV01818,D013,2026-01-10 15:03:12,-6.26799,106.80349,Jakarta
EV03292,D090,2026-01-10 15:28:33,-6.8227,107.50844,Bandung
EV00800,D065,2026-01-10 15:57:51,-7.22381,112.73958,Surabaya
EV00693,D027,2026-01-10 16:12:55,-6.88078,107.69076,Bandung
EV02868,D051,2026-01-10 16:30:03,-6.18099,106.83299,Jakarta
EV01919,D055,2026-01-10 16:57:18,-5.14609,119.41769,Makassar
EV01491,D068,2026-01-10 17:52:57,-6.85358,107.56906,Bandung
EV00143,D063,2026-01-10 18:41:53,-6.88982,107.5841,Bandung
EV03263,D055,2026-01-10 20:49:11,-5.14895,119.41702,Makassar
EV01831,D004,2026-01-10 21:09:17,-7.28741,112.75172,Surabaya
EV01385,D010,2026-01-10 21:46:14,-5.18237,119.4725,Makassar
EV01589,D069,2026-01-10 21:49:17,-7.21676,112.75516,Surabaya
EV01447,D045,2026-01-10 21:51:07,-7.26921,112.7089,Surabaya
EV01327,D084,2026-01-10 21:56:50,-7.24253,112.71997,Surabaya
EV01587,D045,2026-01-10 22:10:37,-7.25653,112.7117,Surabaya
EV00957,D039,2026-01-10 22:32:48,-5.18793,119.46852,Makassar
EV02256,D006,2026-01-10 23:06:43,-7.27291,112.76426,Surabaya
EV00919,D004,2026-01-10 23:18:00,-7.20186,112.7837,Surabaya
EV00578,D008,2026-01-10 23:29:00,-6.15242,106.80915,Jakarta
EV00049,D073,2026-01-11 00:39:25,-6.14504,106.82708,Jakarta
EV00508,D026,2026-01-11 03:30:00,-6.83453,107.66289,Bandung
EV03256,D047,2026-01-11 03:33:50,-6.8596,107.6962,Bandung
EV02732,D009,2026-01-11 03:59:05,3.6011,98.65203,Medan
EV01040,D010,2026-01-11 04:47:59,-5.14946,119.49948,Makassar
EV02126,D001,2026-01-11 06:42:42,-7.279,112.71606,Surabaya
EV02638,D038,2026-01-11 06:50:44,-6.80311,107.58567,Bandung
EV01463,D008,2026-01-11 07:46:40,-6.19778,106.83699,Jakarta
EV01477,D036,2026-01-11 08:52:19,-6.11222,106.88429,Jakarta
EV02317,D074,2026-01-11 09:03:03,-7.24294,112.74132,Surabaya
EV02386,D023,2026-01-11 09:49:01,-7.26938,112.71784,Surabaya
EV02213,D029,2026-01-11 10:36:52,-6.87135,107.60914,Bandung
EV01518,D026,2026-01-11 10:57:38,-6.85729,107.54101,Bandung
EV03180,D027,2026-01-11 11:18:37,-6.85859,107.59234,Bandung
EV02902,D034,2026-01-11 11:21:10,3.52439,98.649,Medan
EV02348,D072,2026-01-11 12:36:30,-5.12131,119.48573,Makassar
EV00548,D038,2026-01-11 12:43:51,-6.81241,107.64459,Bandung
EV02404,D036,2026-01-11 13:06:30,-6.22931,106.71501,Jakarta
EV02946,D072,2026-01-11 13:44:24,-5.10271,119.4578,Makassar
EV03819,D073,2026-01-11 14:08:09,-6.21172,106.82378,Jakarta
EV03752,D092,2026-01-11 14:44:56,-6.87069,107.63415,Bandung
EV01307,D035,2026-01-11 15:13:57,3.67242,98.64222,Medan
EV02733,D025,2026-01-11 16:11:44,3.58491,98.69126,Medan
EV00170,D012,2026-01-11 16:48:42,-6.27643,106.79788,Jakarta
EV02811,D093,2026-01-11 16:52:55,-7.2315,112.71665,Surabaya
EV03092,D035,2026-01-11 18:24:09,3.69524,98.64581,Medan
EV03478,D047,2026-01-11 18:35:26,-6.86683,107.54381,Bandung
EV03536,D068,2026-01-11 18:46:19,-6.84384,107.68547,Bandung
EV03307,D024,2026-01-11 19:22:48,3.65685,98.66322,Medan
EV00663,D092,2026-01-11 19:32:44,-6.85353,107.62021,Bandung
EV00774,D047,2026-01-11 19:41:12,-6.84804,107.51019,Bandung
EV03030,D089,2026-01-11 21:17:55,-7.29616,112.78735,Surabaya
EV02896,D053,2026-01-11 21:55:50,3.57756,98.62795,Medan
EV03017,D020,2026-01-11 22:11:42,-5.14987,119.49991,Makassar
EV02574,D082,2026-01-11 23:00:43,-6.15856,106.7348,Jakarta
EV01828,D009,2026-01-11 23:07:01,3.55691,98.68824,Medan
EV01204,D009,2026-01-11 23:29:54,3.5052,98.62751,Medan
EV02542,D028,2026-01-11 23:37:18,-5.15954,119.46722,Makassar
EV02867,D047,2026-01-11 23:53:35,-6.83948,107.57838,Bandung
EV02339,D089,2026-01-12 00:16:23,-7.28885,112.74811,Surabaya
EV03954,D017,2026-01-12 00:33:22,-5.12637,119.48038,Makassar
EV01326,D076,2026-01-12 00:37:11,3.64629,98.66011,Medan
EV03829,D062,2026-01-12 00:38:07,3.52683,98.65952,Medan
EV01102,D066,2026-01-12 01:08:48,-6.83111,107.56015,Bandung
EV03272,D067,2026-01-12 01:50:04,-5.17235,119.47563,Makassar
EV01932,D051,2026-01-12 01:56:23,-6.13661,106.70856,Jakarta
EV00704,D025,2026-01-12 02:48:23,3.58194,98.69348,Medan
EV01480,D008,2026-01-12 03:16:48,-6.28407,106.7337,Jakarta
EV00909,D084,2026-01-12 03:17:33,-7.20978,112.76388,Surabaya
EV02549,D064,2026-01-12 04:08:28,-5.13734,119.45695,Makassar
EV03703,D086,2026-01-12 04:59:18,-5.17459,119.40828,Makassar
EV00314,D025,2026-01-12 04:59:26,3.63131,98.68995,Medan
EV03736,D006,2026-01-12 05:36:59,-7.20689,112.74689,Surabaya
EV01197,D027,2026-01-12 06:23:38,-6.88016,107.66705,Bandung
EV02275,D004,2026-01-12 06:44:14,-7.22932,112.73034,Surabaya
EV02441,D061,2026-01-12 07:34:28,-6.86466,107.51769,Bandung
EV02870,D035,2026-01-12 07:44:44,3.62051,98.68534,Medan
EV03431,D025,2026-01-12 07:50:28,3.61779,98.65856,Medan
EV02540,D049,2026-01-12 12:18:27,3.5276,98.63296,Medan
EV00067,D095,2026-01-12 13:53:51,-7.23033,112.77338,Surabaya
EV03091,D028,2026-01-12 14:37:15,-5.18594,119.48679,Makassar
EV01710,D060,2026-01-12 14:38:54,-6.84483,107.52086,Bandung
EV03540,D003,2026-01-12 15:03:14,-6.10202,106.8058,Jakarta
EV01685,D057,2026-01-12 15:29:28,-5.14421,119.49716,Makassar
EV03619,D049,2026-01-12 15:41:55,3.64522,98.68584,Medan
EV00969,D025,2026-01-12 17:07:08,3.58679,98.63317,Medan
EV03842,D059,2026-01-12 17:17:04,-7.24631,112.70939,Surabaya
EV02448,D015,2026-01-12 18:08:24,3.64875,98.64643,Medan
EV02261,D072,2026-01-12 18:20:32,-5.11714,119.48759,Makassar
EV00511,D075,2026-01-12 18:50:58,-7.2438,112.73559,Surabaya
EV03985,D006,2026-01-12 19:16:42,-7.24153,112.71466,Surabaya
EV00114,D050,2026-01-12 19:21:50,-5.11485,119.41151,Makassar
EV03888,D040,2026-01-12 20:06:44,-5.17566,119.40682,Makassar
EV02376,D001,2026-01-12 20:13:59,-7.25227,112.7153,Surabaya
EV03253,D084,2026-01-12 20:55:54,-7.29134,112.7326,Surabaya
EV03969,D091,2026-01-12 21:21:31,-6.84046,107.51618,Bandung
EV02799,D015,2026-01-12 23:30:28,3.53054,98.69214,Medan
EV00593,D053,2026-01-12 23:56:49,3.50498,98.60389,Medan
EV00769,D025,2026-01-13 00:00:32,3.59808,98.68872,Medan
EV01469,D059,2026-01-13 00:26:21,-7.23184,112.76593,Surabaya
EV03806,D081,2026-01-13 00:52:04,-5.18353,119.47224,Makassar
EV00039,D020,2026-01-13 01:34:33,-5.12581,119.40654,Makassar
EV02258,D068,2026-01-13 01:47:02,-6.89158,107.63294,Bandung
EV03881,D094,2026-01-13 02:00:41,-5.17219,119.4042,Makassar
EV02398,D052,2026-01-13 02:13:02,-7.2129,112.70531,Surabaya
EV01687,D044,2026-01-13 02:19:11,-6.20679,106.7698,Jakarta
EV01676,D013,2026-01-13 02:19:16,-6.1116,106.70229,Jakarta
EV00385,D024,2026-01-13 03:04:26,3.68305,98.60225,Medan
EV01420,D064,2026-01-13 03:31:08,-5.10647,119.47578,Makassar
EV03496,D002,2026-01-13 03:40:17,-6.84316,107.55561,Bandung
EV01008,D006,2026-01-13 04:30:20,-7.26698,112.75838,Surabaya
EV03372,D085,2026-01-13 04:35:22,3.62774,98.65956,Medan
EV01781,D081,2026-01-13 05:35:02,-5.12126,119.43281,Makassar
EV00838,D014,2026-01-13 05:38:47,-7.23909,112.70981,Surabaya
EV01731,D005,2026-01-13 06:08:30,-6.8928,107.54169,Bandung
EV00048,D033,2026-01-13 08:05:33,-5.12806,119.47336,Makassar
EV03360,D029,2026-01-13 09:07:49,-6.89136,107.5775,Bandung
EV02984,D004,2026-01-13 09:20:02,-7.21274,112.76404,Surabaya
EV03254,D051,2026-01-13 09:20:55,-6.24968,106.85949,Jakarta
EV03605,D062,2026-01-13 10:43:37,3.59174,98.64029,Medan
EV01833,D008,2026-01-13 11:11:06,-6.12657,106.85861,Jakarta
EV00587,D068,2026-01-13 11:12:07,-6.87697,107.52109,Bandung
EV01380,D053,2026-01-13 11:21:20,3.60657,98.63028,Medan
EV01772,D030,2026-01-13 11:43:02,3.5025,98.64475,Medan
EV03258,D013,2026-01-13 11:57:52,-6.14652,106.74096,Jakarta
EV00961,D082,2026-01-13 12:03:13,-6.12312,106.85527,Jakarta
EV00823,D053,2026-01-13 12:20:24,3.50684,98.66143,Medan
EV03114,D049,2026-01-13 12:50:18,3.54369,98.61528,Medan
EV02927,D002,2026-01-13 12:51:53,-6.86416,107.62013,Bandung
EV02543,D079,2026-01-13 12:54:59,-5.13697,119.46034,Makassar
EV02438,D095,2026-01-13 13:05:14,-7.22912,112.77146,Surabaya
EV00738,D011,2026-01-13 13:15:39,-6.81402,107.61539,Bandung
EV03439,D041,2026-01-13 13:32:17,-7.23943,112.76753,Surabaya
EV03079,D018,2026-01-13 13:58:50,-6.10472,106.80214,Jakarta
EV02191,D079,2026-01-13 15:12:47,-5.1773,119.4914,Makassar
EV00662,D052,2026-01-13 15:57:44,-7.26612,112.78905,Surabaya
EV03817,D064,2026-01-13 16:31:31,-5.14063,119.44515,Makassar
EV02959,D074,2026-01-13 16:32:00,-7.26223,112.77969,Surabaya
EV01761,D068,2026-01-13 17:21:08,-6.82976,107.68701,Bandung
EV02909,D004,2026-01-13 18:17:07,-7.242,112.74349,Surabaya
EV02652,D065,2026-01-13 19:03:10,-7.26485,112.72349,Surabaya
EV00985,D074,2026-01-13 19:44:01,-7.24059,112.74478,Surabaya
EV01427,D026,2026-01-13 20:10:34,-6.83606,107.50504,Bandung
EV00346,D091,2026-01-13 21:03:52,-6.80291,107.54558,Bandung
EV03968,D024,2026-01-13 21:17:46,3.66728,98.65937,Medan
EV01333,D079,2026-01-13 23:03:08,-5.1924,119.40966,Makassar
EV01434,D058,2026-01-13 23:06:32,-5.17543,119.47217,Makassar
EV03447,D049,2026-01-13 23:13:04,3.61057,98.69946,Medan
EV00348,D012,2026-01-13 23:27:17,-6.28933,106.79924,Jakarta
EV03759,D007,2026-01-13 23:27:27,-5.12736,119.4603,Makassar
EV00328,D062,2026-01-13 23:33:34,3.50472,98.61029,Medan
EV01871,D061,2026-01-14 00:23:38,-6.81434,107.50586,Bandung
EV02243,D072,2026-01-14 01:21:22,-5.13825,119.42841,Makassar
EV00152,D027,2026-01-14 01:31:15,-6.84449,107.69449,Bandung
EV00495,D020,2026-01-14 01:43:51,-5.10503,119.42814,Makassar
EV03634,D086,2026-01-14 01:44:04,-5.13244,119.4369,Makassar
EV02523,D028,2026-01-14 01:44:17,-5.17966,119.42563,Makassar
EV00910,D013,2026-01-14 04:06:16,-6.13945,106.7181,Jakarta
EV01418,D078,2026-01-14 04:13:52,-6.15234,106.70082,Jakarta
EV01100,D057,2026-01-14 05:39:47,-5.18536,119.49186,Makassar
EV03239,D039,2026-01-14 06:19:23,-5.12848,119.48103,Makassar
EV02479,D052,2026-01-14 06:23:02,-7.29641,112.71006,Surabaya
EV00991,D078,2026-01-14 06:29:12,-6.11217,106.8573,Jakarta
EV01413,D069,2026-01-14 07:03:52,-7.2584,112.76761,Surabaya
EV02631,D080,2026-01-14 07:16:05,-7.20166,112.71607,Surabaya
EV02717,D041,2026-01-14 08:12:30,-7.2125,112.73977,Surabaya
EV03982,D025,2026-01-14 08:26:14,3.50736,98.62419,Medan
EV00955,D044,2026-01-14 08:38:50,-6.24989,106.76433,Jakarta
EV00382,D014,2026-01-14 08:52:17,-7.29697,112.70506,Surabaya
EV03900,D089,2026-01-14 10:56:31,-7.22456,112.76503,Surabaya
EV00879,D030,2026-01-14 11:26:48,3.55671,98.68967,Medan
EV00420,D061,2026-01-14 11:33:32,-6.89889,107.6472,Bandung
EV03809,D082,2026-01-14 12:09:13,-6.29082,106.81415,Jakarta
EV03530,D060,2026-01-14 12:53:15,-6.85097,107.58413,Bandung
EV02007,D088,2026-01-14 13:09:22,-5.18715,119.43227,Makassar
EV00369,D030,2026-01-14 13:23:07,3.554,98.67379,Medan
EV02974,D010,2026-01-14 14:29:32,-5.16693,119.44506,Makassar
EV02473,D019,2026-01-14 15:05:16,-7.24789,112.70482,Surabaya
EV01700,D047,2026-01-14 15:31:28,-6.86448,107.65969,Bandung
EV01488,D065,2026-01-14 15:33:19,-7.29272,112.77164,Surabaya
EV03147,D044,2026-01-14 16:16:55,-6.19226,106.8603,Jakarta
EV02195,D008,2026-01-14 18:50:15,-6.12882,106.86265,Jakarta
EV03309,D006,2026-01-14 19:23:11,-7.21164,112.74389,Surabaya
EV01080,D083,2026-01-14 20:22:41,3.6284,98.64061,Medan
EV00409,D050,2026-01-14 20:22:52,-5.15994,119.44805,Makassar
EV03271,D029,2026-01-14 21:35:16,-6.8101,107.51737,Bandung
EV03130,D072,2026-01-14 21:49:05,-5.11342,119.41975,Makassar
EV03601,D032,2026-01-14 22:38:58,-5.1796,119.41629,Makassar
EV02199,D064,2026-01-14 22:40:09,-5.15627,119.46609,Makassar
EV03358,D079,2026-01-14 23:18:45,-5.18865,119.49077,Makassar
EV02578,D018,2026-01-14 23:45:47,-6.20688,106.79543,Jakarta
EV00810,D054,2026-01-14 23:47:04,-5.16605,119.44857,Makassar
EV01849,D037,2026-01-15 00:11:07,-5.14995,119.41153,Makassar
EV02851,D001,2026-01-15 00:12:48,-7.20358,112.75833,Surabaya
EV00584,D003,2026-01-15 00:31:00,-6.24568,106.70281,Jakarta
EV03821,D040,2026-01-15 00:35:59,-5.11167,119.41731,Makassar
EV01634,D093,2026-01-15 00:41:36,-7.20848,112.7812,Surabaya
EV03266,D026,2026-01-15 01:12:51,-6.89667,107.62576,Bandung
EV03726,D052,2026-01-15 03:12:17,-7.22329,112.75718,Surabaya
EV00445,D022,2026-01-15 03:40:24,3.67301,98.60651,Medan
EV01867,D015,2026-01-15 04:38:15,3.66939,98.60088,Medan
EV02981,D006,2026-01-15 04:54:01,-7.28447,112.78508,Surabaya
EV00766,D067,2026-01-15 05:16:14,-5.15673,119.42798,Makassar
EV03871,D062,2026-01-15 05:45:59,3.56442,98.62952,Medan
EV03917,D068,2026-01-15 05:58:57,-6.83057,107.52877,Bandung
EV00338,D039,2026-01-15 06:29:58,-5.13016,119.4874,Makassar
EV01503,D019,2026-01-15 06:59:55,-7.29261,112.79618,Surabaya
EV00006,D075,2026-01-15 07:17:35,-7.23443,112.79179,Surabaya
EV00258,D047,2026-01-15 07:59:50,-6.86405,107.61905,Bandung
EV00723,D040,2026-01-15 09:13:46,-5.15974,119.40279,Makassar
EV01769,D038,2026-01-15 10:11:59,-6.81582,107.68323,Bandung
EV03133,D068,2026-01-15 10:28:43,-6.83873,107.63789,Bandung
EV02728,D069,2026-01-15 12:29:54,-7.26088,112.78343,Surabaya
EV02999,D088,2026-01-15 12:32:50,-5.15169,119.49933,Makassar
EV01339,D070,2026-01-15 13:10:33,-7.24074,112.7123,Surabaya
EV02190,D090,2026-01-15 16:22:11,-6.89023,107.67225,Bandung
EV03132,D043,2026-01-15 16:32:34,-6.10561,106.88366,Jakarta
EV02135,D008,2026-01-15 16:35:09,-6.21501,106.82943,Jakarta
EV03019,D018,2026-01-15 16:46:03,-6.27275,106.77323,Jakarta
EV00227,D045,2026-01-15 17:16:28,-7.25299,112.71887,Surabaya
EV03707,D027,2026-01-15 17:28:35,-6.87876,107.64897,Bandung
EV03373,D009,2026-01-15 17:32:01,3.53534,98.60725,Medan
EV01741,D055,2026-01-15 17:39:55,-5.10449,119.43188,Makassar
EV01025,D063,2026-01-15 18:29:40,-6.8309,107.67778,Bandung
EV03000,D070,2026-01-15 19:20:53,-7.29145,112.72649,Surabaya
EV02298,D084,2026-01-15 20:03:10,-7.23432,112.78927,Surabaya
EV03453,D089,2026-01-15 20:12:22,-7.20164,112.74201,Surabaya
EV03056,D029,2026-01-15 20:44:23,-6.81554,107.57407,Bandung
EV03549,D050,2026-01-15 22:40:23,-5.16345,119.47891,Makassar
EV02118,D023,2026-01-15 22:42:13,-7.29684,112.71517,Surabaya
EV03143,D085,2026-01-15 22:53:00,3.68084,98.6577,Medan
EV02563,D017,2026-01-15 23:20:11,-5.11986,119.42722,Makassar
EV03107,D083,2026-01-15 23:59:20,3.57088,98.61038,Medan
EV00414,D026,2026-01-16 01:02:39,-6.80772,107.62643,Bandung
EV01087,D073,2026-01-16 01:07:39,-6.25908,106.85903,Jakarta
EV03965,D087,2026-01-16 01:36:49,-6.20558,106.73561,Jakarta
EV02208,D076,2026-01-16 02:16:39,3.50168,98.65876,Medan
EV00576,D060,2026-01-16 02:33:34,-6.80331,107.51518,Bandung
EV01164,D035,2026-01-16 03:09:33,3.64818,98.64412,Medan
EV03415,D035,2026-01-16 03:18:29,3.52174,98.64565,Medan
EV01549,D027,2026-01-16 03:43:46,-6.87135,107.56557,Bandung
EV00446,D091,2026-01-16 03:46:53,-6.82912,107.50474,Bandung
EV03615,D070,2026-01-16 04:13:36,-7.24454,112.78163,Surabaya
EV03825,D058,2026-01-16 05:20:48,-5.12378,119.47223,Makassar
EV01216,D007,2026-01-16 05:34:59,-5.12608,119.4808,Makassar
EV01289,D033,2026-01-16 05:41:05,-5.1289,119.43218,Makassar
EV00694,D020,2026-01-16 06:49:07,-5.16614,119.43574,Makassar
EV03106,D065,2026-01-16 06:51:44,-7.21047,112.795,Surabaya
EV01538,D060,2026-01-16 07:55:42,-6.856,107.68259,Bandung
EV01318,D072,2026-01-16 08:01:55,-5.17651,119.48748,Makassar
EV00507,D030,2026-01-16 08:43:41,3.65548,98.60064,Medan
EV01018,D091,2026-01-16 09:13:33,-6.82741,107.5351,Bandung
EV02948,D029,2026-01-16 09:25:45,-6.85202,107.6557,Bandung
EV03484,D018,2026-01-16 09:47:23,-6.28632,106.72476,Jakarta
EV02837,D027,2026-01-16 10:01:27,-6.85427,107.5049,Bandung
EV03992,D076,2026-01-16 10:02:49,3.61124,98.6083,Medan
EV02519,D068,2026-01-16 10:30:27,-6.82152,107.64342,Bandung
EV01984,D022,2026-01-16 10:40:41,3.61658,98.64076,Medan
EV03595,D029,2026-01-16 10:42:59,-6.88355,107.62829,Bandung
EV03349,D091,2026-01-16 10:50:23,-6.8736,107.55925,Bandung
EV03538,D030,2026-01-16 11:21:13,3.63648,98.67001,Medan
EV00814,D064,2026-01-16 11:58:01,-5.16419,119.40843,Makassar
EV02742,D094,2026-01-16 12:15:43,-5.13381,119.42925,Makassar
EV03028,D007,2026-01-16 12:22:26,-5.17052,119.43127,Makassar
EV00543,D069,2026-01-16 12:24:28,-7.28105,112.73492,Surabaya
EV01211,D039,2026-01-16 13:48:13,-5.17672,119.4433,Makassar
EV01556,D058,2026-01-16 15:17:47,-5.16687,119.42894,Makassar
EV01453,D012,2026-01-16 16:06:10,-6.15929,106.72026,Jakarta
EV01766,D052,2026-01-16 16:10:03,-7.22885,112.72503,Surabaya
EV03803,D001,2026-01-16 16:34:35,-7.20732,112.70704,Surabaya
EV00829,D036,2026-01-16 18:55:36,-6.19332,106.81097,Jakarta
EV03783,D043,2026-01-16 19:39:38,-6.11305,106.88908,Jakarta
EV03699,D043,2026-01-16 19:50:09,-6.10542,106.74319,Jakarta
EV00848,D030,2026-01-16 19:53:37,3.69234,98.62543,Medan
EV03875,D059,2026-01-16 20:31:39,-7.28324,112.7263,Surabaya
EV03971,D066,2026-01-16 21:15:37,-6.82666,107.65731,Bandung
EV02466,D088,2026-01-16 21:50:55,-5.18625,119.48095,Makassar
EV01726,D021,2026-01-16 22:00:05,3.54161,98.60698,Medan
EV03903,D006,2026-01-16 22:04:05,-7.2861,112.73305,Surabaya
EV00465,D061,2026-01-16 22:42:36,-6.84088,107.55481,Bandung
EV01066,D095,2026-01-16 22:49:34,-7.29072,112.70186,Surabaya
EV03157,D061,2026-01-16 22:53:48,-6.80626,107.54552,Bandung
EV02461,D067,2026-01-16 23:02:06,-5.18241,119.4004,Makassar
EV01883,D075,2026-01-16 23:06:07,-7.244,112.70845,Surabaya
EV00134,D065,2026-01-16 23:21:26,-7.24902,112.72033,Surabaya
EV00679,D080,2026-01-16 23:23:41,-7.27501,112.78401,Surabaya
EV03193,D091,2026-01-16 23:26:00,-6.80865,107.5888,Bandung
EV02684,D013,2026-01-17 00:25:07,-6.22319,106.85,Jakarta
EV01951,D062,2026-01-17 00:27:03,3.5101,98.66515,Medan
EV03169,D071,2026-01-17 01:56:19,-6.88121,107.66449,Bandung
EV01313,D064,2026-01-17 02:33:05,-5.10283,119.47205,Makassar
EV02798,D010,2026-01-17 02:58:19,-5.18789,119.46295,Makassar
EV00100,D042,2026-01-17 03:32:57,-6.81581,107.67645,Bandung
EV02385,D034,2026-01-17 04:22:46,3.5479,98.6993,Medan
EV00125,D089,2026-01-17 04:47:22,-7.23459,112.76575,Surabaya
EV03864,D034,2026-01-17 05:19:37,3.632,98.64421,Medan
EV01775,D084,2026-01-17 05:29:55,-7.2605,112.7925,Surabaya
EV00886,D015,2026-01-17 06:50:41,3.55876,98.60219,Medan
EV00491,D043,2026-01-17 06:55:11,-6.19002,106.85843,Jakarta
EV01701,D080,2026-01-17 08:33:25,-7.25361,112.77905,Surabaya
EV00931,D011,2026-01-17 08:53:52,-6.81208,107.54367,Bandung
EV01166,D009,2026-01-17 09:06:00,3.56825,98.6233,Medan
EV03458,D026,2026-01-17 09:47:43,-6.86026,107.63963,Bandung
EV03656,D070,2026-01-17 10:51:40,-7.28515,112.78966,Surabaya
EV00144,D044,2026-01-17 10:53:35,-6.20512,106.80652,Jakarta
EV01231,D092,2026-01-17 12:19:16,-6.81798,107.56909,Bandung
EV00528,D035,2026-01-17 13:03:58,3.67781,98.60404,Medan
EV01495,D075,2026-01-17 14:00:20,-7.20379,112.71726,Surabaya
EV03624,D039,2026-01-17 14:27:40,-5.11917,119.42676,Makassar
EV01123,D027,2026-01-17 14:50:35,-6.87974,107.50816,Bandung
EV03904,D021,2026-01-17 14:51:39,3.58529,98.60966,Medan
EV01933,D055,2026-01-17 15:51:08,-5.12249,119.47919,Makassar
EV00702,D004,2026-01-17 15:51:56,-7.26265,112.72975,Surabaya
EV01305,D009,2026-01-17 17:29:22,3.53928,98.69338,Medan
EV01322,D070,2026-01-17 18:28:18,-7.28574,112.75107,Surabaya
EV01442,D038,2026-01-17 18:38:34,-6.89156,107.56986,Bandung
EV02471,D041,2026-01-17 18:44:24,-7.27346,112.72083,Surabaya
EV00386,D036,2026-01-17 19:38:03,-6.12664,106.71823,Jakarta
EV01022,D066,2026-01-17 20:19:18,-6.82505,107.66306,Bandung
EV02315,D001,2026-01-17 20:36:08,-7.25128,112.71131,Surabaya
EV03544,D067,2026-01-17 22:42:34,-5.1351,119.4499,Makassar
EV02607,D054,2026-01-17 22:46:26,-5.13114,119.43516,Makassar
EV03410,D034,2026-01-17 22:47:18,3.5795,98.6595,Medan
EV00035,D030,2026-01-17 23:32:46,3.5515,98.64995,Medan
EV02081,D044,2026-01-17 23:34:46,-6.27828,106.81298,Jakarta
EV02287,D058,2026-01-17 23:45:29,-5.10634,119.43517,Makassar
EV01644,D088,2026-01-18 00:02:27,-5.18464,119.43239,Makassar
EV02329,D061,2026-01-18 00:43:12,-6.8345,107.56066,Bandung
EV03781,D054,2026-01-18 01:52:15,-5.13338,119.45045,Makassar
EV02678,D050,2026-01-18 01:57:38,-5.10302,119.42102,Makassar
EV01798,D085,2026-01-18 02:32:44,3.6107,98.67819,Medan
EV00994,D026,2026-01-18 03:29:20,-6.88399,107.52488,Bandung
EV01052,D031,2026-01-18 04:11:17,3.64582,98.69731,Medan
EV00911,D070,2026-01-18 04:41:49,-7.28434,112.77971,Surabaya
EV02522,D062,2026-01-18 05:44:06,3.5282,98.65763,Medan
EV01654,D016,2026-01-18 05:53:19,-7.21567,112.70079,Surabaya
EV02284,D038,2026-01-18 05:54:01,-6.81307,107.68,Bandung
EV00636,D082,2026-01-18 06:03:18,-6.1891,106.80019,Jakarta
EV01759,D056,2026-01-18 07:08:01,-7.26408,112.77476,Surabaya
EV03026,D054,2026-01-18 07:42:10,-5.18294,119.4009,Makassar
EV01928,D051,2026-01-18 07:43:36,-6.20592,106.71721,Jakarta
EV00715,D075,2026-01-18 08:08:54,-7.26056,112.74608,Surabaya
EV02288,D013,2026-01-18 08:57:32,-6.11296,106.81122,Jakarta
EV01153,D025,2026-01-18 09:07:13,3.57797,98.64014,Medan
EV01083,D082,2026-01-18 09:09:02,-6.27739,106.8784,Jakarta
EV00218,D006,2026-01-18 11:48:09,-7.29866,112.71557,Surabaya
EV02878,D025,2026-01-18 12:35:36,3.61736,98.64933,Medan
EV02065,D028,2026-01-18 12:35:50,-5.19962,119.45783,Makassar
EV01839,D069,2026-01-18 13:12:43,-7.28613,112.77837,Surabaya
EV02476,D005,2026-01-18 13:17:25,-6.84155,107.52482,Bandung
EV00747,D091,2026-01-18 14:18:07,-6.85072,107.57925,Bandung
EV03837,D084,2026-01-18 15:13:45,-7.28876,112.77321,Surabaya
EV02200,D079,2026-01-18 16:05:16,-5.16798,119.41961,Makassar
EV00770,D027,2026-01-18 17:13:20,-6.85024,107.54637,Bandung
EV01119,D038,2026-01-18 18:10:32,-6.83482,107.55233,Bandung
EV00626,D027,2026-01-18 18:39:09,-6.81396,107.68107,Bandung
EV03862,D073,2026-01-18 19:10:37,-6.28878,106.73724,Jakarta
EV00002,D086,2026-01-18 19:48:07,-5.15869,119.48334,Makassar
EV01454,D002,2026-01-18 21:04:11,-6.85223,107.60105,Bandung
EV03156,D007,2026-01-18 21:11:32,-5.16733,119.46968,Makassar
EV02378,D042,2026-01-18 21:13:21,-6.84527,107.5705,Bandung
EV02488,D029,2026-01-18 22:53:44,-6.86559,107.59565,Bandung
EV02002,D037,2026-01-18 23:07:08,-5.18786,119.41309,Makassar
EV00716,D075,2026-01-19 00:16:51,-7.23726,112.72788,Surabaya
EV02982,D033,2026-01-19 01:10:01,-5.15897,119.46396,Makassar
EV03560,D040,2026-01-19 01:47:02,-5.12916,119.4682,Makassar
EV00444,D034,2026-01-19 01:51:31,3.61458,98.66235,Medan
EV02823,D021,2026-01-19 01:57:46,3.52567,98.69095,Medan
EV01360,D043,2026-01-19 02:56:38,-6.20684,106.85249,Jakarta
EV00008,D085,2026-01-19 02:58:02,3.689,98.64141,Medan
EV01426,D031,2026-01-19 04:34:19,3.60287,98.66568,Medan
EV03345,D006,2026-01-19 04:50:09,-7.29248,112.7578,Surabaya
EV02076,D024,2026-01-19 04:58:34,3.50313,98.61888,Medan
EV00686,D085,2026-01-19 05:02:16,3.69176,98.69304,Medan
EV02950,D057,2026-01-19 05:34:53,-5.10569,119.47285,Makassar
EV03454,D080,2026-01-19 06:06:23,-7.28291,112.72494,Surabaya
EV03913,D078,2026-01-19 07:22:01,-6.10281,106.85831,Jakarta
EV02502,D089,2026-01-19 08:24:14,-7.27853,112.78328,Surabaya
EV03446,D020,2026-01-19 09:11:46,-5.12967,119.4164,Makassar
EV00294,D070,2026-01-19 09:33:27,-7.28303,112.7233,Surabaya
EV01886,D093,2026-01-19 09:51:42,-7.20693,112.71224,Surabaya
EV00497,D086,2026-01-19 10:03:28,-5.12111,119.47047,Makassar
EV01712,D050,2026-01-19 10:22:36,-5.19791,119.4156,Makassar
EV01183,D048,2026-01-19 10:30:57,-5.15761,119.44275,Makassar
EV01588,D095,2026-01-19 10:41:40,-7.22492,112.75214,Surabaya
EV01208,D071,2026-01-19 10:50:46,-6.87588,107.59328,Bandung
EV02163,D033,2026-01-19 11:24:16,-5.16341,119.41429,Makassar
EV02396,D028,2026-01-19 12:09:39,-5.14575,119.47069,Makassar
EV01471,D041,2026-01-19 12:22:40,-7.20227,112.72031,Surabaya
EV03097,D054,2026-01-19 12:29:02,-5.16224,119.49026,Makassar
EV00984,D025,2026-01-19 13:12:20,3.53511,98.67478,Medan
EV00247,D027,2026-01-19 13:19:44,-6.80603,107.58331,Bandung
EV01399,D061,2026-01-19 15:26:20,-6.87159,107.64472,Bandung
EV02922,D093,2026-01-19 15:29:47,-7.20616,112.78198,Surabaya
EV00561,D011,2026-01-19 15:37:17,-6.87368,107.56869,Bandung
EV01377,D063,2026-01-19 16:40:35,-6.87193,107.51075,Bandung
EV00005,D033,2026-01-19 17:15:35,-5.17673,119.42673,Makassar
EV00094,D011,2026-01-19 18:20:00,-6.85645,107.57885,Bandung
EV00361,D058,2026-01-19 18:57:31,-5.13599,119.41679,Makassar
EV01784,D033,2026-01-19 19:19:42,-5.14745,119.44085,Makassar
EV00279,D059,2026-01-19 19:23:34,-7.21363,112.74835,Surabaya
EV03430,D038,2026-01-19 19:36:44,-6.84641,107.6973,Bandung
EV03392,D085,2026-01-19 20:50:16,3.57084,98.61135,Medan
EV00721,D063,2026-01-19 21:04:08,-6.87042,107.64072,Bandung
EV02897,D029,2026-01-19 21:09:14,-6.83868,107.54226,Bandung
EV02903,D083,2026-01-19 21:57:45,3.5778,98.6794,Medan
EV02820,D083,2026-01-19 21:58:04,3.55059,98.65333,Medan
EV03587,D053,2026-01-19 22:30:15,3.64952,98.66218,Medan
EV03172,D052,2026-01-19 22:31:14,-7.21557,112.77326,Surabaya
EV00020,D026,2026-01-19 22:46:39,-6.88541,107.65523,Bandung
EV01757,D021,2026-01-19 23:48:20,3.62333,98.64804,Medan
EV01407,D051,2026-01-19 23:57:44,-6.14926,106.80111,Jakarta
EV01336,D030,2026-01-20 01:03:00,3.53927,98.64488,Medan
EV03860,D095,2026-01-20 01:05:33,-7.29732,112.72087,Surabaya
EV02719,D048,2026-01-20 01:10:57,-5.10277,119.48862,Makassar
EV02179,D006,2026-01-20 03:36:45,-7.28008,112.7698,Surabaya
EV02843,D088,2026-01-20 03:55:25,-5.16239,119.46181,Makassar
EV03351,D009,2026-01-20 04:43:30,3.68027,98.62044,Medan
EV02305,D055,2026-01-20 04:52:03,-5.17699,119.43929,Makassar
EV01713,D008,2026-01-20 05:16:04,-6.22793,106.87084,Jakarta
EV00107,D079,2026-01-20 06:06:57,-5.13036,119.42345,Makassar
EV01290,D079,2026-01-20 06:44:46,-5.1632,119.47571,Makassar
EV03064,D050,2026-01-20 07:09:58,-5.14852,119.44635,Makassar
EV00239,D058,2026-01-20 08:58:49,-5.1333,119.4791,Makassar
EV01389,D084,2026-01-20 09:06:15,-7.27764,112.71301,Surabaya
EV02817,D023,2026-01-20 09:09:22,-7.28275,112.7213,Surabaya
EV01168,D074,2026-01-20 09:30:51,-7.23859,112.73588,Surabaya
EV03303,D049,2026-01-20 09:45:55,3.5249,98.64966,Medan
EV01913,D038,2026-01-20 11:08:51,-6.80314,107.63012,Bandung
EV00563,D029,2026-01-20 11:28:12,-6.87404,107.56975,Bandung
EV02387,D009,2026-01-20 11:35:36,3.56352,98.64849,Medan
EV03976,D040,2026-01-20 12:04:50,-5.15524,119.41264,Makassar
EV02459,D067,2026-01-20 12:30:27,-5.16813,119.42244,Makassar
EV00453,D053,2026-01-20 12:43:09,3.56586,98.64467,Medan
EV03487,D073,2026-01-20 13:41:01,-6.22274,106.85415,Jakarta
EV00156,D005,2026-01-20 14:00:10,-6.88458,107.65368,Bandung
EV01840,D017,2026-01-20 14:17:00,-5.13316,119.47833,Makassar
EV00762,D014,2026-01-20 15:06:25,-7.24204,112.79864,Surabaya
EV00181,D063,2026-01-20 15:36:56,-6.81742,107.52606,Bandung
EV01971,D025,2026-01-20 16:14:32,3.59826,98.6837,Medan
EV03616,D021,2026-01-20 16:14:59,3.64081,98.67703,Medan
EV02241,D003,2026-01-20 18:04:51,-6.23255,106.74754,Jakarta
EV03201,D027,2026-01-20 20:25:46,-6.86668,107.6582,Bandung
EV00710,D072,2026-01-20 20:29:33,-5.14982,119.47055,Makassar
EV00010,D082,2026-01-20 20:49:20,-6.15699,106.72848,Jakarta
EV01702,D023,2026-01-20 21:01:06,-7.2588,112.7554,Surabaya
EV03955,D051,2026-01-20 21:10:51,-6.22349,106.89873,Jakarta
EV03240,D081,2026-01-20 21:21:15,-5.18588,119.40399,Makassar
EV01542,D045,2026-01-20 21:25:57,-7.27681,112.76119,Surabaya
EV02954,D028,2026-01-20 21:47:34,-5.1836,119.49695,Makassar
EV02086,D020,2026-01-20 23:27:33,-5.19569,119.44312,Makassar
EV02940,D036,2026-01-20 23:32:23,-6.17428,106.71755,Jakarta
EV01511,D041,2026-01-21 00:30:33,-7.25311,112.71335,Surabaya
EV01126,D079,2026-01-21 00:33:46,-5.11802,119.40819,Makassar
EV00535,D052,2026-01-21 00:49:30,-7.21692,112.73319,Surabaya
EV01942,D075,2026-01-21 01:22:14,-7.2486,112.71454,Surabaya
EV00642,D038,2026-01-21 01:35:54,-6.87858,107.51157,Bandung
EV03867,D084,2026-01-21 02:08:23,-7.27688,112.70329,Surabaya
EV02432,D039,2026-01-21 02:29:14,-5.15896,119.4366,Makassar
EV01338,D091,2026-01-21 02:29:39,-6.85086,107.58633,Bandung
EV00164,D058,2026-01-21 03:19:28,-5.12542,119.4528,Makassar
EV01739,D009,2026-01-21 03:54:16,3.67751,98.6391,Medan
EV01037,D009,2026-01-21 04:07:09,3.55471,98.69676,Medan
EV03966,D023,2026-01-21 04:09:56,-7.24057,112.73779,Surabaya
EV03029,D055,2026-01-21 04:41:22,-5.16183,119.44224,Makassar
EV03654,D013,2026-01-21 04:57:44,-6.28188,106.82966,Jakarta
EV02008,D043,2026-01-21 05:11:14,-6.18752,106.78842,Jakarta
EV00995,D005,2026-01-21 05:50:55,-6.82244,107.59905,Bandung
EV02257,D010,2026-01-21 06:31:06,-5.12259,119.47401,Makassar
EV01664,D042,2026-01-21 06:46:47,-6.84124,107.54136,Bandung
EV02119,D079,2026-01-21 08:26:34,-5.10696,119.48498,Makassar
EV03451,D026,2026-01-21 08:27:09,-6.83581,107.60756,Bandung
EV03902,D018,2026-01-21 08:58:37,-6.25891,106.76158,Jakarta
EV01820,D051,2026-01-21 09:05:39,-6.11759,106.77365,Jakarta
EV00380,D022,2026-01-21 09:56:52,3.57383,98.69131,Medan
EV03377,D016,2026-01-21 10:11:41,-7.29265,112.76862,Surabaya
EV02300,D022,2026-01-21 10:35:02,3.62229,98.65087,Medan
EV03052,D016,2026-01-21 10:59:26,-7.24427,112.75288,Surabaya
EV01361,D013,2026-01-21 11:15:31,-6.18673,106.81014,Jakarta
EV00595,D011,2026-01-21 11:49:57,-6.83025,107.64039,Bandung
EV03638,D026,2026-01-21 12:33:12,-6.81612,107.59638,Bandung
EV01778,D040,2026-01-21 12:49:55,-5.19898,119.4921,Makassar
EV03933,D085,2026-01-21 12:59:37,3.65845,98.6672,Medan
EV00899,D054,2026-01-21 13:09:55,-5.15653,119.4426,Makassar
EV02020,D063,2026-01-21 13:23:23,-6.85627,107.59511,Bandung
EV03844,D057,2026-01-21 14:42:39,-5.14986,119.48452,Makassar
EV00032,D065,2026-01-21 15:44:23,-7.24932,112.78964,Surabaya
EV00263,D020,2026-01-21 16:17:46,-5.12996,119.49851,Makassar
EV01325,D083,2026-01-21 17:54:53,3.54235,98.63536,Medan
EV03363,D079,2026-01-21 17:59:13,-5.17136,119.40693,Makassar
EV01221,D009,2026-01-21 18:00:07,3.59269,98.60065,Medan
EV00082,D041,2026-01-21 19:34:04,-7.29379,112.72961,Surabaya
EV03066,D081,2026-01-21 19:43:15,-5.11143,119.40704,Makassar
EV03162,D013,2026-01-21 20:17:15,-6.13161,106.7059,Jakarta
EV02768,D049,2026-01-21 20:25:06,3.61933,98.67904,Medan
EV00597,D019,2026-01-21 21:04:13,-7.20836,112.79782,Surabaya
EV03163,D018,2026-01-21 21:16:59,-6.26209,106.72577,Jakarta
EV00434,D007,2026-01-21 21:18:33,-5.18323,119.40879,Makassar
EV03093,D003,2026-01-21 21:38:03,-6.26772,106.81583,Jakarta
EV01400,D021,2026-01-21 22:06:23,3.50585,98.66159,Medan
EV03424,D031,2026-01-21 22:13:26,3.6611,98.6543,Medan
EV01220,D068,2026-01-21 22:20:30,-6.897,107.57142,Bandung
EV01732,D046,2026-01-21 22:42:49,-5.18169,119.40818,Makassar
EV01777,D080,2026-01-21 23:01:28,-7.23342,112.75044,Surabaya
EV01187,D071,2026-01-21 23:24:47,-6.87172,107.63746,Bandung
EV03745,D007,2026-01-21 23:38:33,-5.16345,119.47672,Makassar
EV00056,D028,2026-01-22 00:07:20,-5.13705,119.42811,Makassar
EV03588,D011,2026-01-22 00:33:19,-6.80301,107.6607,Bandung
EV03792,D058,2026-01-22 00:50:38,-5.15123,119.47176,Makassar
EV03018,D004,2026-01-22 01:47:25,-7.29167,112.7425,Surabaya
EV01539,D028,2026-01-22 02:37:26,-5.16727,119.44719,Makassar
EV01118,D085,2026-01-22 02:51:15,3.67175,98.6948,Medan
EV00522,D002,2026-01-22 03:55:12,-6.83503,107.66518,Bandung
EV00439,D040,2026-01-22 04:09:49,-5.15247,119.49834,Makassar
EV00484,D032,2026-01-22 05:06:16,-5.16193,119.4337,Makassar
EV02627,D008,2026-01-22 05:40:37,-6.26474,106.70152,Jakarta
EV01490,D006,2026-01-22 05:50:47,-7.26403,112.72188,Surabaya
EV03786,D078,2026-01-22 05:52:04,-6.26584,106.84208,Jakarta
EV00165,D015,2026-01-22 06:14:26,3.61935,98.67299,Medan
EV03210,D036,2026-01-22 06:45:26,-6.19828,106.70234,Jakarta
EV01689,D001,2026-01-22 07:17:42,-7.21437,112.71929,Surabaya
EV03009,D057,2026-01-22 07:32:00,-5.18423,119.4401,Makassar
EV03192,D064,2026-01-22 09:48:41,-5.14858,119.44528,Makassar
EV03456,D006,2026-01-22 10:02:21,-7.20317,112.75166,Surabaya
EV03593,D010,2026-01-22 10:51:57,-5.13557,119.49118,Makassar
EV02828,D071,2026-01-22 12:56:11,-6.8718,107.55327,Bandung
EV03929,D052,2026-01-22 13:01:52,-7.23546,112.78383,Surabaya
EV00423,D091,2026-01-22 13:24:32,-6.80776,107.63446,Bandung
EV03559,D056,2026-01-22 13:50:41,-7.23936,112.74845,Surabaya
EV02194,D029,2026-01-22 14:04:39,-6.86733,107.59062,Bandung
EV01161,D070,2026-01-22 14:16:13,-7.29087,112.75307,Surabaya
EV03370,D030,2026-01-22 14:53:24,3.64431,98.61508,Medan
EV03849,D083,2026-01-22 15:58:06,3.57872,98.6495,Medan
EV01690,D074,2026-01-22 15:58:16,-7.29479,112.73065,Surabaya
EV01885,D038,2026-01-22 16:39:10,-6.8401,107.51307,Bandung
EV00397,D037,2026-01-22 16:45:34,-5.18337,119.40844,Makassar
EV01270,D010,2026-01-22 17:38:35,-5.10506,119.4255,Makassar
EV03470,D088,2026-01-22 18:10:49,-5.14804,119.43663,Makassar
EV03409,D060,2026-01-22 19:15:58,-6.81341,107.63695,Bandung
EV01835,D077,2026-01-22 19:19:56,-6.26898,106.79508,Jakarta
EV03878,D017,2026-01-22 19:34:28,-5.18967,119.49933,Makassar
EV01093,D040,2026-01-22 20:42:17,-5.18139,119.41561,Makassar
EV02080,D038,2026-01-22 21:21:30,-6.85611,107.63157,Bandung
EV03448,D033,2026-01-22 21:41:11,-5.17473,119.47386,Makassar
EV00562,D014,2026-01-22 21:52:12,-7.22397,112.713,Surabaya
EV01910,D044,2026-01-22 22:07:27,-6.11601,106.7208,Jakarta
EV02455,D092,2026-01-22 22:11:35,-6.83217,107.65512,Bandung
EV00768,D063,2026-01-22 22:18:00,-6.81849,107.63178,Bandung
EV03580,D092,2026-01-22 23:29:22,-6.86746,107.62589,Bandung
EV00616,D015,2026-01-22 23:39:12,3.53249,98.688,Medan
EV02653,D056,2026-01-23 00:15:49,-7.2475,112.72229,Surabaya
EV01958,D050,2026-01-23 00:22:46,-5.13136,119.49734,Makassar
EV01209,D055,2026-01-23 00:39:22,-5.19023,119.43823,Makassar
EV03436,D050,2026-01-23 00:41:08,-5.13077,119.47809,Makassar
EV01964,D052,2026-01-23 00:51:34,-7.28837,112.71132,Surabaya
EV03045,D009,2026-01-23 01:05:07,3.60314,98.67678,Medan
EV01388,D095,2026-01-23 01:26:29,-7.20215,112.78192,Surabaya
EV02544,D012,2026-01-23 01:39:20,-6.28476,106.84181,Jakarta
EV00937,D088,2026-01-23 02:27:57,-5.14187,119.45098,Makassar
EV00783,D034,2026-01-23 02:35:27,3.68013,98.65307,Medan
EV00946,D028,2026-01-23 02:42:26,-5.16546,119.43853,Makassar
EV00974,D026,2026-01-23 03:19:30,-6.89064,107.54877,Bandung
EV02124,D061,2026-01-23 05:00:52,-6.80741,107.64791,Bandung
EV00150,D044,2026-01-23 05:54:51,-6.10547,106.80449,Jakarta
EV00881,D059,2026-01-23 06:13:02,-7.20216,112.71979,Surabaya
EV03408,D014,2026-01-23 06:14:39,-7.20807,112.78828,Surabaya
EV00758,D037,2026-01-23 06:41:31,-5.14656,119.48524,Makassar
EV01918,D073,2026-01-23 07:01:32,-6.10325,106.74712,Jakarta
EV01171,D055,2026-01-23 07:51:05,-5.12903,119.42848,Makassar
EV01094,D018,2026-01-23 08:31:46,-6.21913,106.73833,Jakarta
EV02532,D067,2026-01-23 09:25:53,-5.16228,119.43898,Makassar
EV01525,D052,2026-01-23 11:19:27,-7.2195,112.79306,Surabaya
EV03170,D091,2026-01-23 11:26:06,-6.87426,107.64527,Bandung
EV01262,D067,2026-01-23 11:56:29,-5.16946,119.41806,Makassar
EV02818,D051,2026-01-23 12:38:51,-6.11329,106.78386,Jakarta
EV00560,D010,2026-01-23 13:07:55,-5.18556,119.45162,Makassar
EV03342,D092,2026-01-23 14:27:43,-6.8935,107.5584,Bandung
EV03579,D086,2026-01-23 14:34:54,-5.18307,119.4202,Makassar
EV03694,D051,2026-01-23 15:49:17,-6.10905,106.78326,Jakarta
EV00602,D076,2026-01-23 15:55:08,3.58067,98.67487,Medan
EV02108,D003,2026-01-23 16:09:21,-6.23409,106.70314,Jakarta
EV03473,D012,2026-01-23 16:11:43,-6.11707,106.70592,Jakarta
EV00205,D058,2026-01-23 16:32:56,-5.12949,119.40236,Makassar
EV00153,D056,2026-01-23 16:59:39,-7.28287,112.7136,Surabaya
EV01600,D095,2026-01-23 17:26:48,-7.20587,112.79102,Surabaya
EV02898,D005,2026-01-23 17:34:42,-6.85701,107.57799,Bandung
EV00999,D010,2026-01-23 19:08:43,-5.10463,119.48154,Makassar
EV03204,D014,2026-01-23 19:20:50,-7.2119,112.70436,Surabaya
EV03369,D006,2026-01-23 21:51:22,-7.2406,112.77014,Surabaya
EV03922,D083,2026-01-23 23:03:47,3.60073,98.6231,Medan
EV01155,D026,2026-01-23 23:07:18,-6.88107,107.62159,Bandung
EV00965,D020,2026-01-23 23:10:43,-5.10473,119.48482,Makassar
EV03808,D012,2026-01-23 23:20:48,-6.15615,106.87456,Jakarta
EV00016,D085,2026-01-24 00:38:47,3.50506,98.62355,Medan
EV02557,D039,2026-01-24 02:24:15,-5.1721,119.45271,Makassar
EV03639,D063,2026-01-24 03:10:17,-6.82289,107.58973,Bandung
EV03153,D051,2026-01-24 03:15:32,-6.13808,106.81712,Jakarta
EV02849,D041,2026-01-24 03:56:25,-7.20741,112.70778,Surabaya
EV01316,D003,2026-01-24 04:00:04,-6.13373,106.89639,Jakarta
EV02364,D063,2026-01-24 04:20:52,-6.87963,107.50785,Bandung
EV00462,D079,2026-01-24 04:50:36,-5.14674,119.40894,Makassar
EV03660,D084,2026-01-24 06:03:19,-7.2253,112.76868,Surabaya
EV01789,D007,2026-01-24 06:49:31,-5.1755,119.42759,Makassar
EV01603,D054,2026-01-24 07:15:34,-5.18943,119.40001,Makassar
EV00973,D094,2026-01-24 07:27:21,-5.1105,119.48451,Makassar
EV02115,D050,2026-01-24 07:30:40,-5.17532,119.49993,Makassar
EV02232,D024,2026-01-24 08:19:11,3.54035,98.62991,Medan
EV00419,D059,2026-01-24 08:28:21,-7.23264,112.73888,Surabaya
EV03772,D039,2026-01-24 09:07:01,-5.12687,119.45229,Makassar
EV03526,D025,2026-01-24 09:29:38,3.57644,98.60664,Medan
EV02986,D017,2026-01-24 09:57:14,-5.19725,119.41915,Makassar
EV03482,D075,2026-01-24 11:03:27,-7.29665,112.72956,Surabaya
EV00827,D033,2026-01-24 12:19:14,-5.11996,119.47787,Makassar
EV02101,D020,2026-01-24 12:40:37,-5.15827,119.48426,Makassar
EV01241,D036,2026-01-24 12:55:46,-6.16252,106.74584,Jakarta
EV03188,D069,2026-01-24 13:08:53,-7.2572,112.76792,Surabaya
EV00915,D066,2026-01-24 14:42:37,-6.86646,107.67616,Bandung
EV03191,D025,2026-01-24 14:43:05,3.68844,98.68315,Medan
EV02787,D016,2026-01-24 15:11:49,-7.29941,112.71186,Surabaya
EV01127,D024,2026-01-24 15:19:51,3.56673,98.62235,Medan
EV01249,D052,2026-01-24 15:41:03,-7.23504,112.76728,Surabaya
EV00509,D055,2026-01-24 16:15:16,-5.13565,119.41718,Makassar
EV00681,D056,2026-01-24 16:21:29,-7.20959,112.74414,Surabaya
EV03405,D033,2026-01-24 16:41:26,-5.16361,119.42034,Makassar
EV01112,D069,2026-01-24 17:01:00,-7.26676,112.73178,Surabaya
EV01661,D041,2026-01-24 17:19:32,-7.27371,112.71532,Surabaya
EV01207,D052,2026-01-24 17:21:20,-7.27893,112.75427,Surabaya
EV02778,D069,2026-01-24 17:29:37,-7.25586,112.79125,Surabaya
EV00745,D014,2026-01-24 17:32:10,-7.25234,112.71878,Surabaya
EV03646,D015,2026-01-24 18:13:31,3.60964,98.65721,Medan
EV02313,D030,2026-01-24 18:19:53,3.69632,98.68074,Medan
EV00410,D038,2026-01-24 18:34:11,-6.86756,107.53565,Bandung
EV00383,D088,2026-01-24 18:34:51,-5.13113,119.48049,Makassar
EV01446,D080,2026-01-24 18:40:36,-7.26149,112.7287,Surabaya
EV02018,D075,2026-01-24 18:43:30,-7.25157,112.76693,Surabaya
EV02098,D051,2026-01-24 18:51:42,-6.27354,106.73358,Jakarta
EV03924,D078,2026-01-24 19:27:43,-6.17062,106.85479,Jakarta
EV03695,D077,2026-01-24 19:58:20,-6.12958,106.82329,Jakarta
EV00312,D017,2026-01-24 20:59:10,-5.18319,119.48573,Makassar
EV01911,D011,2026-01-24 21:14:30,-6.85737,107.63103,Bandung
EV00817,D028,2026-01-24 21:39:22,-5.13719,119.466,Makassar
EV02608,D017,2026-01-24 21:43:41,-5.10959,119.40015,Makassar
EV02975,D065,2026-01-24 22:22:58,-7.28648,112.7774,Surabaya
EV02758,D027,2026-01-24 22:26:31,-6.87772,107.61075,Bandung
EV03790,D028,2026-01-24 22:42:35,-5.13547,119.41815,Makassar
EV00627,D019,2026-01-24 23:07:46,-7.23481,112.75117,Surabaya
EV00505,D031,2026-01-24 23:14:33,3.50514,98.6761,Medan
EV00993,D072,2026-01-24 23:50:08,-5.17824,119.49762,Makassar
EV00481,D010,2026-01-25 00:16:21,-5.11849,119.44902,Makassar
EV03599,D053,2026-01-25 02:59:21,3.56769,98.644,Medan
EV01986,D012,2026-01-25 04:31:56,-6.11672,106.72796,Jakarta
EV02486,D032,2026-01-25 04:42:05,-5.19655,119.46946,Makassar
EV00971,D065,2026-01-25 04:42:48,-7.2367,112.74682,Surabaya
EV00859,D005,2026-01-25 05:11:07,-6.84899,107.57631,Bandung
EV02580,D047,2026-01-25 05:36:19,-6.83364,107.66608,Bandung
EV02662,D040,2026-01-25 06:00:22,-5.14783,119.4496,Makassar
EV01754,D075,2026-01-25 06:19:28,-7.27343,112.7866,Surabaya
EV01952,D071,2026-01-25 06:51:33,-6.82973,107.67418,Bandung
EV02250,D015,2026-01-25 07:12:57,3.54434,98.62894,Medan
EV00260,D038,2026-01-25 08:46:12,-6.88105,107.69723,Bandung
EV00388,D062,2026-01-25 08:51:00,3.64154,98.67272,Medan
EV00198,D079,2026-01-25 10:24:09,-5.1443,119.40156,Makassar
EV03366,D013,2026-01-25 10:57:14,-6.22265,106.83999,Jakarta
EV03317,D007,2026-01-25 11:11:50,-5.11702,119.44166,Makassar
EV02842,D033,2026-01-25 12:51:01,-5.15313,119.41307,Makassar
EV00479,D019,2026-01-25 12:59:03,-7.26562,112.79285,Surabaya
EV03838,D001,2026-01-25 13:36:45,-7.28729,112.73773,Surabaya
EV03480,D035,2026-01-25 14:23:05,3.62812,98.61315,Medan
EV01792,D074,2026-01-25 14:55:36,-7.27002,112.79584,Surabaya
EV01724,D019,2026-01-25 15:21:57,-7.24035,112.71265,Surabaya
EV03391,D077,2026-01-25 15:23:32,-6.17126,106.7268,Jakarta
EV02316,D045,2026-01-25 15:24:18,-7.21842,112.79924,Surabaya
EV01163,D028,2026-01-25 16:18:22,-5.18444,119.4823,Makassar
EV03661,D084,2026-01-25 16:23:44,-7.27298,112.78887,Surabaya
EV01031,D089,2026-01-25 17:23:58,-7.24694,112.73696,Surabaya
EV01268,D059,2026-01-25 17:33:56,-7.2934,112.70037,Surabaya
EV03174,D043,2026-01-25 17:38:31,-6.11616,106.83391,Jakarta
EV01764,D043,2026-01-25 18:27:30,-6.21377,106.73464,Jakarta
EV03751,D082,2026-01-25 18:47:19,-6.22534,106.70129,Jakarta
EV03701,D080,2026-01-25 19:34:45,-7.29706,112.71752,Surabaya
EV01791,D027,2026-01-25 19:52:39,-6.85855,107.68849,Bandung
EV01451,D054,2026-01-25 20:20:01,-5.192,119.40857,Makassar
EV00378,D018,2026-01-25 20:22:31,-6.2126,106.89546,Jakarta
EV02736,D055,2026-01-25 20:24:37,-5.16746,119.4209,Makassar
EV02365,D009,2026-01-25 20:31:55,3.51275,98.6071,Medan
EV03402,D008,2026-01-25 20:51:08,-6.24919,106.7755,Jakarta
EV02176,D037,2026-01-25 22:07:49,-5.15695,119.43853,Makassar
EV03963,D043,2026-01-25 22:14:11,-6.28331,106.74118,Jakarta
EV01229,D058,2026-01-25 22:53:04,-5.19825,119.45122,Makassar
EV00118,D004,2026-01-25 23:33:00,-7.23769,112.74698,Surabaya
EV00399,D028,2026-01-25 23:56:51,-5.17671,119.48668,Makassar
EV03434,D011,2026-01-26 00:51:35,-6.81743,107.67807,Bandung
EV00606,D028,2026-01-26 01:01:24,-5.16627,119.45591,Makassar
EV00373,D068,2026-01-26 01:27:19,-6.8489,107.5698,Bandung
EV02859,D005,2026-01-26 02:22:01,-6.84372,107.67304,Bandung
EV03522,D003,2026-01-26 02:33:33,-6.10187,106.84315,Jakarta
EV00102,D077,2026-01-26 02:39:53,-6.16955,106.75288,Jakarta
EV01121,D019,2026-01-26 04:44:16,-7.29203,112.71122,Surabaya
EV01337,D055,2026-01-26 05:16:35,-5.11721,119.40425,Makassar
EV01729,D093,2026-01-26 05:37:37,-7.2076,112.75804,Surabaya
EV00081,D022,2026-01-26 05:52:40,3.6944,98.65043,Medan
EV03046,D057,2026-01-26 06:14:06,-5.17124,119.44978,Makassar
EV01505,D008,2026-01-26 06:59:02,-6.21009,106.81255,Jakarta
EV03355,D031,2026-01-26 07:01:21,3.62643,98.67514,Medan
EV03299,D067,2026-01-26 07:14:06,-5.17205,119.45527,Makassar
EV03521,D015,2026-01-26 07:34:54,3.55898,98.69333,Medan
EV03873,D091,2026-01-26 07:51:12,-6.82676,107.54509,Bandung
EV01541,D061,2026-01-26 08:04:20,-6.84278,107.63777,Bandung
EV02686,D089,2026-01-26 08:14:40,-7.20029,112.77829,Surabaya
EV02389,D061,2026-01-26 08:53:36,-6.8802,107.57399,Bandung
EV02064,D012,2026-01-26 09:20:15,-6.26848,106.88975,Jakarta
EV00544,D011,2026-01-26 09:48:59,-6.87681,107.50203,Bandung
EV00147,D049,2026-01-26 11:54:58,3.68435,98.68782,Medan
EV00659,D094,2026-01-26 12:18:22,-5.15622,119.44361,Makassar
EV03785,D027,2026-01-26 12:22:52,-6.81578,107.60207,Bandung
EV01348,D009,2026-01-26 13:13:26,3.63867,98.67412,Medan
EV00644,D046,2026-01-26 13:45:14,-5.127,119.42994,Makassar
EV02937,D007,2026-01-26 13:47:38,-5.13214,119.41902,Makassar
EV03715,D035,2026-01-26 14:49:07,3.69512,98.62116,Medan
EV02888,D041,2026-01-26 15:15:38,-7.26037,112.7172,Surabaya
EV02481,D059,2026-01-26 15:18:45,-7.24861,112.7854,Surabaya
EV03094,D042,2026-01-26 15:53:15,-6.82202,107.61744,Bandung
EV00857,D095,2026-01-26 16:03:32,-7.29225,112.76346,Surabaya
EV01674,D034,2026-01-26 16:47:12,3.52779,98.66137,Medan
EV02692,D045,2026-01-26 17:50:09,-7.20868,112.71313,Surabaya
EV00537,D010,2026-01-26 18:10:35,-5.12625,119.48429,Makassar
EV01620,D043,2026-01-26 18:18:11,-6.29891,106.72733,Jakarta
EV03438,D089,2026-01-26 18:51:11,-7.26874,112.74114,Surabaya
EV03407,D020,2026-01-26 19:25:16,-5.1588,119.41705,Makassar
EV00777,D036,2026-01-26 20:03:27,-6.15775,106.89793,Jakarta
EV02938,D006,2026-01-26 20:30:17,-7.29331,112.70516,Surabaya
EV03501,D053,2026-01-26 21:18:11,3.51892,98.65611,Medan
EV00944,D069,2026-01-26 21:19:24,-7.21643,112.79362,Surabaya
EV03826,D094,2026-01-26 21:38:48,-5.1481,119.40132,Makassar
EV02786,D038,2026-01-26 22:05:21,-6.85749,107.61354,Bandung
EV02496,D082,2026-01-26 23:06:58,-6.11265,106.86277,Jakarta
EV02864,D060,2026-01-26 23:33:54,-6.88994,107.56759,Bandung
EV02554,D048,2026-01-26 23:36:33,-5.13055,119.47711,Makassar
EV02088,D004,2026-01-27 00:59:02,-7.24209,112.75407,Surabaya
EV00645,D077,2026-01-27 01:04:21,-6.13396,106.7552,Jakarta
EV00550,D046,2026-01-27 01:13:13,-5.16032,119.4084,Makassar
EV03246,D066,2026-01-27 01:43:19,-6.82172,107.68379,Bandung
EV00351,D066,2026-01-27 01:46:06,-6.88964,107.58007,Bandung
EV01851,D058,2026-01-27 02:14:26,-5.11566,119.40728,Makassar
EV03911,D006,2026-01-27 03:38:38,-7.23251,112.7424,Surabaya
EV03020,D019,2026-01-27 04:20:31,-7.22555,112.79766,Surabaya
EV02265,D020,2026-01-27 04:43:04,-5.18448,119.41478,Makassar
EV03524,D028,2026-01-27 04:49:24,-5.11737,119.45267,Makassar
EV00111,D023,2026-01-27 06:40:13,-7.2865,112.7616,Surabaya
EV00499,D040,2026-01-27 06:59:00,-5.18986,119.41557,Makassar
EV01331,D027,2026-01-27 07:11:22,-6.82332,107.53706,Bandung
EV02813,D065,2026-01-27 07:51:40,-7.20281,112.71312,Surabaya
EV00381,D059,2026-01-27 08:21:39,-7.23816,112.73371,Surabaya
EV01160,D043,2026-01-27 09:05:08,-6.11723,106.7394,Jakarta
EV02911,D005,2026-01-27 09:16:23,-6.80447,107.66367,Bandung
EV01039,D060,2026-01-27 09:43:10,-6.86322,107.55831,Bandung
EV03535,D093,2026-01-27 09:54:57,-7.21928,112.70627,Surabaya
EV01252,D050,2026-01-27 11:04:39,-5.14887,119.48858,Makassar
EV00470,D021,2026-01-27 11:40:17,3.60285,98.6467,Medan
EV03893,D083,2026-01-27 13:20:42,3.68761,98.62877,Medan
EV00469,D068,2026-01-27 13:29:07,-6.83412,107.64834,Bandung
EV02099,D070,2026-01-27 13:39:34,-7.27851,112.74427,Surabaya
EV02506,D028,2026-01-27 14:02:52,-5.16662,119.474,Makassar
EV00188,D024,2026-01-27 14:06:04,3.53241,98.64437,Medan
EV02916,D056,2026-01-27 14:21:07,-7.22052,112.73368,Surabaya
EV02764,D058,2026-01-27 14:26:43,-5.18653,119.4237,Makassar
EV00236,D065,2026-01-27 14:57:18,-7.23067,112.76553,Surabaya
EV03572,D069,2026-01-27 15:19:47,-7.26148,112.70701,Surabaya
EV00140,D001,2026-01-27 15:38:42,-7.24979,112.74529,Surabaya
EV00920,D050,2026-01-27 16:11:40,-5.16254,119.49358,Makassar
EV02720,D034,2026-01-27 16:37:21,3.50709,98.68224,Medan
EV03990,D039,2026-01-27 17:03:40,-5.18141,119.48565,Makassar
EV03598,D027,2026-01-27 17:39:59,-6.81298,107.5522,Bandung
EV00429,D067,2026-01-27 17:51:16,-5.16034,119.41155,Makassar
EV03676,D082,2026-01-27 18:50:30,-6.21018,106.82674,Jakarta
EV00203,D032,2026-01-27 19:15:17,-5.1567,119.47321,Makassar
EV01526,D032,2026-01-27 19:42:43,-5.10227,119.4598,Makassar
EV03445,D059,2026-01-27 20:02:33,-7.20206,112.79904,Surabaya
EV00781,D073,2026-01-27 20:35:41,-6.18064,106.76874,Jakarta
EV02660,D049,2026-01-27 21:03:48,3.66557,98.61425,Medan
EV02358,D094,2026-01-27 21:53:05,-5.10334,119.4767,Makassar
EV02741,D006,2026-01-27 22:08:03,-7.28533,112.73004,Surabaya
EV02478,D038,2026-01-27 22:14:08,-6.84898,107.59092,Bandung
EV01679,D005,2026-01-27 22:22:57,-6.85898,107.57711,Bandung
EV03265,D047,2026-01-27 23:39:37,-6.88035,107.69141,Bandung
EV02615,D002,2026-01-28 00:10:09,-6.86909,107.57872,Bandung
EV00490,D007,2026-01-28 01:25:13,-5.17419,119.46854,Makassar
EV03411,D031,2026-01-28 01:45:49,3.69287,98.60655,Medan
EV00438,D053,2026-01-28 02:26:39,3.56095,98.60773,Medan
EV02034,D063,2026-01-28 02:29:24,-6.86437,107.53895,Bandung
EV01630,D079,2026-01-28 04:36:42,-5.10212,119.43933,Makassar
EV03895,D002,2026-01-28 04:50:27,-6.85808,107.59999,Bandung
EV00070,D037,2026-01-28 04:59:52,-5.1012,119.41292,Makassar
EV00949,D018,2026-01-28 05:23:51,-6.28265,106.81334,Jakarta
EV01795,D065,2026-01-28 05:32:18,-7.29706,112.72581,Surabaya
EV02941,D091,2026-01-28 05:34:19,-6.81498,107.67261,Bandung
EV02249,D032,2026-01-28 05:41:01,-5.12407,119.46508,Makassar
EV00674,D056,2026-01-28 06:06:37,-7.29395,112.75108,Surabaya
EV03778,D013,2026-01-28 06:21:15,-6.14187,106.78533,Jakarta
EV02184,D039,2026-01-28 08:11:02,-5.12037,119.44805,Makassar
EV03354,D067,2026-01-28 08:11:20,-5.16323,119.40989,Makassar
EV02895,D059,2026-01-28 08:40:53,-7.21018,112.78485,Surabaya
EV00964,D020,2026-01-28 08:51:26,-5.19484,119.40759,Makassar
EV03073,D022,2026-01-28 09:10:14,3.55203,98.6836,Medan
EV00040,D006,2026-01-28 09:17:56,-7.28158,112.70284,Surabaya
EV03690,D005,2026-01-28 09:59:12,-6.80618,107.60373,Bandung
EV00510,D021,2026-01-28 11:01:01,3.6035,98.63771,Medan
EV00661,D034,2026-01-28 11:30:58,3.61237,98.61879,Medan
EV03227,D015,2026-01-28 11:33:06,3.53501,98.63745,Medan
EV01236,D073,2026-01-28 12:10:20,-6.15428,106.87959,Jakarta
EV01074,D001,2026-01-28 12:19:04,-7.27243,112.73424,Surabaya
EV00892,D089,2026-01-28 12:24:01,-7.21173,112.74968,Surabaya
EV00888,D037,2026-01-28 12:24:32,-5.17879,119.41439,Makassar
EV01568,D021,2026-01-28 12:49:07,3.63769,98.63593,Medan
EV00751,D088,2026-01-28 13:10:16,-5.17438,119.44488,Makassar
EV03834,D090,2026-01-28 14:22:14,-6.82089,107.55328,Bandung
EV00129,D088,2026-01-28 15:09:43,-5.17874,119.41138,Makassar
EV01591,D091,2026-01-28 15:36:29,-6.88356,107.64381,Bandung
EV01671,D027,2026-01-28 16:08:39,-6.88784,107.64418,Bandung
EV03141,D088,2026-01-28 16:11:30,-5.15651,119.47106,Makassar
EV03165,D020,2026-01-28 16:24:29,-5.16707,119.47728,Makassar
EV03196,D014,2026-01-28 16:26:11,-7.28523,112.74734,Surabaya
EV00608,D092,2026-01-28 17:39:34,-6.82962,107.52597,Bandung
EV02416,D052,2026-01-28 19:14:09,-7.23488,112.79017,Surabaya
EV03136,D066,2026-01-28 19:43:18,-6.84714,107.55009,Bandung
EV02748,D092,2026-01-28 20:47:31,-6.85357,107.66846,Bandung
EV02382,D083,2026-01-28 22:46:12,3.65,98.68338,Medan
EV01346,D003,2026-01-28 22:59:44,-6.28108,106.84789,Jakarta
EV02722,D002,2026-01-28 23:00:51,-6.84744,107.59158,Bandung
EV00682,D066,2026-01-28 23:58:16,-6.80978,107.5709,Bandung
EV01804,D080,2026-01-29 00:08:00,-7.24822,112.74669,Surabaya
EV02761,D056,2026-01-29 00:34:58,-7.2365,112.77706,Surabaya
EV01293,D017,2026-01-29 00:37:47,-5.11187,119.43971,Makassar
EV03655,D060,2026-01-29 01:18:17,-6.84519,107.55505,Bandung
EV00299,D034,2026-01-29 01:37:46,3.59812,98.64021,Medan
EV01493,D079,2026-01-29 02:31:24,-5.13189,119.49232,Makassar
EV02803,D022,2026-01-29 03:19:17,3.66445,98.68186,Medan
EV00784,D051,2026-01-29 03:39:09,-6.11028,106.85547,Jakarta
EV02654,D046,2026-01-29 03:46:13,-5.18747,119.48349,Makassar
EV00055,D083,2026-01-29 03:50:30,3.60535,98.61622,Medan
EV03651,D063,2026-01-29 03:58:12,-6.89343,107.65944,Bandung
EV02271,D085,2026-01-29 04:01:40,3.55006,98.6111,Medan
EV03546,D019,2026-01-29 05:08:13,-7.20051,112.71638,Surabaya
EV02829,D041,2026-01-29 05:57:15,-7.22082,112.70546,Surabaya
EV02475,D017,2026-01-29 06:40:46,-5.12713,119.48979,Makassar
EV01023,D026,2026-01-29 07:44:55,-6.81192,107.55103,Bandung
EV03139,D082,2026-01-29 07:47:17,-6.17341,106.89819,Jakarta
EV01699,D040,2026-01-29 08:28:43,-5.16744,119.44905,Makassar
EV02211,D052,2026-01-29 09:18:24,-7.28526,112.73665,Surabaya
EV02311,D001,2026-01-29 09:40:43,-7.25981,112.74112,Surabaya
EV01017,D061,2026-01-29 10:51:48,-6.87936,107.65842,Bandung
EV02006,D067,2026-01-29 11:02:53,-5.15449,119.40775,Makassar
EV01498,D077,2026-01-29 11:07:40,-6.22389,106.8273,Jakarta
EV00803,D040,2026-01-29 11:27:12,-5.19979,119.44443,Makassar
EV00449,D072,2026-01-29 11:59:14,-5.13222,119.4412,Makassar
EV03774,D045,2026-01-29 13:53:19,-7.24419,112.73471,Surabaya
EV01264,D003,2026-01-29 13:58:30,-6.25408,106.7897,Jakarta
EV02148,D067,2026-01-29 16:56:13,-5.14789,119.45992,Makassar
EV01441,D040,2026-01-29 17:30:54,-5.18706,119.42792,Makassar
EV03747,D014,2026-01-29 17:54:48,-7.22207,112.73166,Surabaya
EV00087,D045,2026-01-29 19:35:51,-7.24217,112.77906,Surabaya
EV00192,D069,2026-01-29 19:51:25,-7.20724,112.77654,Surabaya
EV02123,D038,2026-01-29 20:13:32,-6.85787,107.57603,Bandung
EV01923,D090,2026-01-29 20:43:43,-6.88495,107.61471,Bandung
EV00290,D078,2026-01-29 21:48:25,-6.21023,106.8838,Jakarta
EV02025,D025,2026-01-29 22:39:00,3.64149,98.63781,Medan
EV00690,D089,2026-01-29 23:01:44,-7.2443,112.75898,Surabaya
EV03609,D040,2026-01-29 23:24:52,-5.14084,119.49889,Makassar
EV03388,D056,2026-01-29 23:30:24,-7.22314,112.71531,Surabaya
EV02908,D008,2026-01-30 00:21:01,-6.23143,106.88849,Jakarta
EV02886,D006,2026-01-30 00:55:21,-7.22239,112.77022,Surabaya
EV00793,D004,2026-01-30 01:06:43,-7.2204,112.72697,Surabaya
EV02068,D094,2026-01-30 02:06:25,-5.17373,119.48139,Makassar
EV02207,D017,2026-01-30 02:23:53,-5.14564,119.44512,Makassar
EV03758,D070,2026-01-30 02:39:19,-7.20442,112.70384,Surabaya
EV01402,D036,2026-01-30 02:48:59,-6.1561,106.74717,Jakarta
EV03564,D013,2026-01-30 04:11:53,-6.25557,106.7611,Jakarta
EV02663,D013,2026-01-30 04:23:11,-6.16549,106.82034,Jakarta
EV03432,D057,2026-01-30 05:17:14,-5.16188,119.44167,Makassar
EV01537,D058,2026-01-30 07:32:24,-5.16435,119.46793,Makassar
EV02033,D080,2026-01-30 07:56:17,-7.22583,112.71537,Surabaya
EV01038,D071,2026-01-30 08:42:44,-6.80324,107.52334,Bandung
EV02633,D086,2026-01-30 09:47:41,-5.13387,119.49403,Makassar
EV03348,D083,2026-01-30 10:55:09,3.53372,98.64434,Medan
EV03810,D081,2026-01-30 11:42:10,-5.1869,119.44861,Makassar
EV03393,D058,2026-01-30 11:43:51,-5.15475,119.46982,Makassar
EV03209,D085,2026-01-30 12:27:12,3.66199,98.6749,Medan
EV00504,D044,2026-01-30 13:00:55,-6.13845,106.8085,Jakarta
EV00786,D003,2026-01-30 13:10:38,-6.10453,106.85812,Jakarta
EV03637,D013,2026-01-30 13:30:24,-6.2244,106.82913,Jakarta
EV00809,D053,2026-01-30 13:48:29,3.66172,98.62012,Medan
EV03103,D009,2026-01-30 14:15:59,3.64593,98.69422,Medan
EV00617,D046,2026-01-30 16:17:35,-5.1273,119.42638,Makassar
EV00936,D085,2026-01-30 16:17:47,3.58899,98.69755,Medan
EV00223,D069,2026-01-30 17:42:00,-7.20379,112.79553,Surabaya
EV02359,D044,2026-01-30 18:52:38,-6.21112,106.703,Jakarta
EV03437,D023,2026-01-30 19:27:48,-7.2508,112.78784,Surabaya
EV00811,D052,2026-01-30 19:28:44,-7.27686,112.79963,Surabaya
EV00364,D086,2026-01-30 19:42:08,-5.195,119.44606,Makassar
EV01586,D077,2026-01-30 19:59:44,-6.12291,106.77985,Jakarta
EV03250,D095,2026-01-30 20:12:31,-7.23263,112.74692,Surabaya
EV01787,D004,2026-01-30 20:30:30,-7.2435,112.75963,Surabaya
EV00278,D022,2026-01-30 21:43:15,3.54627,98.61063,Medan
EV02847,D019,2026-01-30 22:37:22,-7.28291,112.71394,Surabaya
EV00327,D090,2026-01-30 23:36:46,-6.87149,107.68354,Bandung
EV03590,D035,2026-01-31 00:37:04,3.60861,98.65295,Medan
EV02680,D056,2026-01-31 01:04:33,-7.25099,112.74175,Surabaya
EV02528,D006,2026-01-31 01:36:13,-7.25669,112.77594,Surabaya
EV02003,D038,2026-01-31 02:10:14,-6.87718,107.60252,Bandung
EV01574,D093,2026-01-31 02:19:10,-7.23171,112.79248,Surabaya
EV01024,D074,2026-01-31 02:38:03,-7.27533,112.78872,Surabaya
EV03870,D037,2026-01-31 03:06:31,-5.12792,119.45106,Makassar
EV00295,D027,2026-01-31 03:32:24,-6.82453,107.55294,Bandung
EV02539,D006,2026-01-31 04:50:54,-7.27827,112.7119,Surabaya
EV02964,D006,2026-01-31 04:53:25,-7.26273,112.74374,Surabaya
EV02393,D059,2026-01-31 05:02:25,-7.23423,112.78754,Surabaya
EV01106,D061,2026-01-31 05:02:52,-6.88413,107.58328,Bandung
EV00518,D053,2026-01-31 06:23:46,3.51271,98.63267,Medan
EV01042,D023,2026-01-31 06:48:08,-7.2116,112.71723,Surabaya
EV02374,D021,2026-01-31 06:55:35,3.59665,98.69407,Medan
EV00960,D080,2026-01-31 07:16:23,-7.23275,112.71754,Surabaya
EV03159,D083,2026-01-31 07:41:33,3.68669,98.69125,Medan
EV03469,D028,2026-01-31 08:24:24,-5.15105,119.47201,Makassar
EV03865,D089,2026-01-31 09:44:37,-7.26831,112.70054,Surabaya
EV03896,D090,2026-01-31 10:08:10,-6.87114,107.59798,Bandung
EV01162,D045,2026-01-31 10:17:00,-7.2501,112.73705,Surabaya
EV03820,D060,2026-01-31 10:27:30,-6.82816,107.69888,Bandung
EV03125,D091,2026-01-31 10:56:33,-6.8392,107.59147,Bandung
EV03970,D008,2026-01-31 11:37:14,-6.17305,106.76623,Jakarta
EV02635,D086,2026-01-31 11:42:22,-5.13649,119.40552,Makassar
EV02391,D033,2026-01-31 12:27:28,-5.13088,119.42449,Makassar
EV03787,D086,2026-01-31 12:28:41,-5.11057,119.43353,Makassar
EV00038,D035,2026-01-31 12:38:49,3.5946,98.66108,Medan
EV02865,D073,2026-01-31 12:59:34,-6.24759,106.78495,Jakarta
EV01799,D042,2026-01-31 13:27:35,-6.82651,107.67506,Bandung
EV00570,D073,2026-01-31 13:33:50,-6.24947,106.73302,Jakarta
EV00850,D072,2026-01-31 14:57:51,-5.17808,119.46126,Makassar
EV01142,D041,2026-01-31 15:13:29,-7.25343,112.7173,Surabaya
EV02222,D084,2026-01-31 15:19:54,-7.21649,112.73296,Surabaya
EV00141,D024,2026-01-31 15:30:05,3.60878,98.67779,Medan
EV03499,D059,2026-01-31 15:43:54,-7.29508,112.72727,Surabaya
EV00744,D049,2026-01-31 16:49:08,3.60894,98.62465,Medan
EV01565,D074,2026-01-31 17:43:45,-7.27613,112.72579,Surabaya
EV01631,D008,2026-01-31 18:18:22,-6.10984,106.79804,Jakarta
EV00925,D040,2026-01-31 19:20:51,-5.18821,119.47109,Makassar
EV01255,D093,2026-01-31 19:23:12,-7.24559,112.72897,Surabaya
EV02412,D033,2026-01-31 19:32:06,-5.16771,119.4933,Makassar
EV02178,D013,2026-01-31 20:32:04,-6.26337,106.7493,Jakarta
EV01645,D059,2026-01-31 20:57:27,-7.24752,112.73953,Surabaya
EV00604,D067,2026-01-31 20:59:12,-5.19414,119.4038,Makassar
EV02771,D059,2026-01-31 21:03:43,-7.29112,112.7705,Surabaya
EV02121,D031,2026-01-31 21:04:52,3.63994,98.66834,Medan
EV03083,D030,2026-01-31 21:15:28,3.66862,98.63948,Medan
EV00426,D044,2026-01-31 21:29:27,-6.15528,106.75656,Jakarta
EV03928,D085,2026-02-01 00:24:42,3.67789,98.63786,Medan
EV02852,D052,2026-02-01 01:51:43,-7.21887,112.78224,Surabaya
EV00255,D076,2026-02-01 01:56:39,3.53683,98.67001,Medan
EV00742,D080,2026-02-01 01:59:44,-7.25588,112.71635,Surabaya
EV00640,D084,2026-02-01 02:18:52,-7.27885,112.76261,Surabaya
EV01762,D088,2026-02-01 03:09:14,-5.12475,119.45712,Makassar
EV01012,D047,2026-02-01 03:14:31,-6.8288,107.57571,Bandung
EV03223,D064,2026-02-01 03:19:53,-5.17557,119.45974,Makassar
EV01297,D043,2026-02-01 03:52:41,-6.25877,106.73789,Jakarta
EV01195,D078,2026-02-01 04:12:15,-6.12216,106.86791,Jakarta
EV01015,D006,2026-02-01 04:28:16,-7.24866,112.7696,Surabaya
EV03525,D017,2026-02-01 05:00:10,-5.19466,119.4958,Makassar
EV03245,D054,2026-02-01 05:45:27,-5.10192,119.48057,Makassar
EV03127,D012,2026-02-01 06:25:16,-6.13231,106.70915,Jakarta
EV02609,D043,2026-02-01 07:32:19,-6.25033,106.78243,Jakarta
EV00407,D083,2026-02-01 07:49:38,3.52558,98.69723,Medan
EV00547,D044,2026-02-01 08:21:25,-6.21399,106.74087,Jakarta
EV00115,D094,2026-02-01 08:22:37,-5.18176,119.47158,Makassar
EV01096,D077,2026-02-01 08:25:18,-6.15773,106.83397,Jakarta
EV01716,D034,2026-02-01 10:55:32,3.53883,98.67812,Medan
EV00992,D056,2026-02-01 11:09:41,-7.22409,112.77749,Surabaya
EV01143,D040,2026-02-01 11:16:10,-5.10267,119.44277,Makassar
EV03008,D013,2026-02-01 13:06:03,-6.12457,106.82364,Jakarta
EV03537,D022,2026-02-01 14:11:04,3.66381,98.65643,Medan
EV00557,D035,2026-02-01 15:05:15,3.57941,98.66928,Medan
EV02819,D078,2026-02-01 15:46:18,-6.11963,106.87306,Jakarta
EV03717,D008,2026-02-01 16:12:46,-6.22649,106.72598,Jakarta
EV00341,D002,2026-02-01 16:25:09,-6.89762,107.53556,Bandung
EV02576,D041,2026-02-01 16:31:59,-7.26802,112.73595,Surabaya
EV00501,D052,2026-02-01 16:41:30,-7.2893,112.75261,Surabaya
EV01997,D077,2026-02-01 17:21:13,-6.2997,106.8924,Jakarta
EV03542,D005,2026-02-01 17:27:44,-6.89752,107.56785,Bandung
EV00907,D027,2026-02-01 17:28:48,-6.82597,107.59926,Bandung
EV03207,D060,2026-02-01 17:56:41,-6.85596,107.64543,Bandung
EV03269,D022,2026-02-01 18:44:49,3.51934,98.68729,Medan
EV03510,D044,2026-02-01 18:51:36,-6.13307,106.82419,Jakarta
EV00655,D008,2026-02-01 19:15:17,-6.11095,106.75091,Jakarta
EV02993,D077,2026-02-01 19:26:44,-6.13105,106.70063,Jakarta
EV01864,D084,2026-02-01 19:33:35,-7.27266,112.77838,Surabaya
EV00553,D045,2026-02-01 19:44:41,-7.21475,112.75081,Surabaya
EV02770,D091,2026-02-01 19:46:07,-6.81636,107.67552,Bandung
EV01882,D095,2026-02-01 21:06:05,-7.26719,112.72467,Surabaya
EV00719,D016,2026-02-01 21:53:49,-7.26417,112.79167,Surabaya
EV00178,D030,2026-02-01 22:21:29,3.68979,98.68045,Medan
EV02589,D026,2026-02-01 22:56:09,-6.88757,107.61518,Bandung
EV01332,D011,2026-02-02 00:38:01,-6.88433,107.51557,Bandung
EV03618,D065,2026-02-02 01:28:50,-7.20023,112.72627,Surabaya
EV03807,D049,2026-02-02 02:17:29,3.52736,98.69241,Medan
EV01065,D026,2026-02-02 03:00:12,-6.87822,107.64451,Bandung
EV00502,D016,2026-02-02 04:44:09,-7.25026,112.72071,Surabaya
EV03629,D015,2026-02-02 05:04:34,3.66107,98.66077,Medan
EV00656,D078,2026-02-02 05:36:52,-6.12851,106.7221,Jakarta
EV03158,D016,2026-02-02 06:35:41,-7.26152,112.77518,Surabaya
EV01291,D093,2026-02-02 07:02:45,-7.25082,112.79548,Surabaya
EV00885,D089,2026-02-02 07:06:56,-7.21318,112.70637,Surabaya
EV02485,D016,2026-02-02 08:49:44,-7.29563,112.76499,Surabaya
EV00374,D036,2026-02-02 10:06:06,-6.18886,106.77654,Jakarta
EV00926,D034,2026-02-02 10:15:11,3.58018,98.68442,Medan
EV00092,D052,2026-02-02 10:18:26,-7.29755,112.7435,Surabaya
EV00121,D028,2026-02-02 10:45:41,-5.17457,119.42551,Makassar
EV01955,D038,2026-02-02 10:54:49,-6.81526,107.50183,Bandung
EV03515,D046,2026-02-02 11:30:53,-5.11572,119.42315,Makassar
EV03518,D037,2026-02-02 11:37:15,-5.14252,119.43888,Makassar
EV02487,D053,2026-02-02 11:45:01,3.68457,98.63117,Medan
EV02899,D044,2026-02-02 12:39:50,-6.25666,106.80732,Jakarta
EV01832,D038,2026-02-02 13:39:13,-6.8272,107.55433,Bandung
EV01046,D005,2026-02-02 14:05:16,-6.88539,107.63145,Bandung
EV02417,D033,2026-02-02 14:52:51,-5.1347,119.40951,Makassar
EV02116,D068,2026-02-02 15:57:29,-6.80559,107.63788,Bandung
EV03047,D059,2026-02-02 15:59:50,-7.21296,112.70696,Surabaya
EV00912,D009,2026-02-02 16:40:56,3.53949,98.62224,Medan
EV03194,D079,2026-02-02 18:15:17,-5.14754,119.45994,Makassar
EV01807,D036,2026-02-02 19:19:31,-6.17691,106.8911,Jakarta
EV03589,D081,2026-02-02 19:19:44,-5.12299,119.49252,Makassar
EV00520,D018,2026-02-02 19:24:03,-6.20593,106.89006,Jakarta
EV00235,D088,2026-02-02 19:31:38,-5.15887,119.48013,Makassar
EV01196,D061,2026-02-02 19:42:35,-6.85232,107.65375,Bandung
EV03225,D026,2026-02-02 19:44:36,-6.85177,107.56803,Bandung
EV02084,D005,2026-02-02 19:48:43,-6.86609,107.511,Bandung
EV02209,D071,2026-02-02 20:04:12,-6.89414,107.50901,Bandung
EV01647,D087,2026-02-02 20:32:20,-6.20746,106.81958,Jakarta
EV02042,D067,2026-02-02 20:33:28,-5.14323,119.45779,Makassar
EV00533,D031,2026-02-02 21:08:38,3.57136,98.64133,Medan
EV03555,D030,2026-02-02 21:43:09,3.65163,98.68757,Medan
EV03452,D092,2026-02-02 22:23:31,-6.85139,107.5005,Bandung
EV00847,D079,2026-02-02 22:36:11,-5.1428,119.46145,Makassar
EV03584,D063,2026-02-02 22:58:20,-6.84691,107.53723,Bandung
EV00001,D077,2026-02-02 23:37:09,-6.25643,106.80274,Jakarta
EV02253,D072,2026-02-03 00:54:23,-5.18133,119.44051,Makassar
EV01200,D022,2026-02-03 01:15:35,3.67675,98.63693,Medan
EV00646,D076,2026-02-03 02:23:38,3.54281,98.69677,Medan
EV01395,D075,2026-02-03 03:08:57,-7.20172,112.76538,Surabaya
EV00259,D011,2026-02-03 03:36:28,-6.80597,107.55414,Bandung
EV01619,D004,2026-02-03 04:00:58,-7.29424,112.7695,Surabaya
EV01949,D049,2026-02-03 04:01:06,3.66749,98.68041,Medan
EV03691,D041,2026-02-03 04:27:33,-7.28328,112.7258,Surabaya
EV03214,D052,2026-02-03 06:19:45,-7.25241,112.76431,Surabaya
EV01615,D045,2026-02-03 06:29:44,-7.26333,112.79489,Surabaya
EV02949,D034,2026-02-03 06:38:16,3.58391,98.64224,Medan
EV02458,D083,2026-02-03 07:08:25,3.50719,98.60693,Medan
EV02854,D092,2026-02-03 07:32:02,-6.88574,107.62174,Bandung
EV03684,D075,2026-02-03 08:54:03,-7.22849,112.7256,Surabaya
EV02189,D006,2026-02-03 09:09:07,-7.26219,112.71548,Surabaya
EV00820,D020,2026-02-03 09:54:09,-5.17028,119.43895,Makassar
EV02840,D080,2026-02-03 10:08:49,-7.29893,112.79194,Surabaya
EV00913,D058,2026-02-03 10:12:17,-5.2,119.43494,Makassar
EV00353,D065,2026-02-03 10:16:31,-7.21288,112.72907,Surabaya
EV03387,D024,2026-02-03 10:24:01,3.67103,98.6216,Medan
EV01855,D095,2026-02-03 11:48:06,-7.21176,112.70484,Surabaya
EV01412,D056,2026-02-03 12:29:56,-7.23806,112.70002,Surabaya
EV01057,D090,2026-02-03 13:12:33,-6.8418,107.68343,Bandung
EV03673,D091,2026-02-03 13:24:40,-6.86052,107.59008,Bandung
EV03425,D043,2026-02-03 13:30:14,-6.24118,106.72788,Jakarta
EV03769,D014,2026-02-03 14:58:29,-7.28358,112.78444,Surabaya
EV00953,D058,2026-02-03 17:06:37,-5.17566,119.41573,Makassar
EV03497,D016,2026-02-03 17:09:06,-7.27132,112.73462,Surabaya
EV00242,D062,2026-02-03 17:35:10,3.58498,98.68796,Medan
EV03001,D044,2026-02-03 19:06:37,-6.28417,106.79832,Jakarta
EV02515,D094,2026-02-03 20:34:21,-5.16987,119.40452,Makassar
EV01218,D016,2026-02-03 20:49:15,-7.27825,112.74303,Surabaya
EV03476,D082,2026-02-03 21:27:28,-6.26679,106.8907,Jakarta
EV00475,D089,2026-02-03 21:37:31,-7.21011,112.78222,Surabaya
EV02645,D049,2026-02-03 22:05:36,3.50111,98.64764,Medan
EV01478,D082,2026-02-03 22:11:34,-6.25257,106.88995,Jakarta
EV03832,D087,2026-02-03 22:21:03,-6.14001,106.76197,Jakarta
EV01097,D089,2026-02-03 22:44:35,-7.21576,112.72674,Surabaya
EV03177,D030,2026-02-03 23:07:35,3.56145,98.61606,Medan
EV01880,D010,2026-02-03 23:29:45,-5.19554,119.4077,Makassar
EV03517,D070,2026-02-03 23:38:41,-7.28917,112.70266,Surabaya
EV02968,D046,2026-02-03 23:56:06,-5.15953,119.43855,Makassar
EV02530,D060,2026-02-04 00:08:13,-6.85228,107.67678,Bandung
EV03919,D052,2026-02-04 00:33:18,-7.29196,112.76252,Surabaya
EV03057,D029,2026-02-04 01:21:18,-6.88947,107.60435,Bandung
EV02328,D041,2026-02-04 01:35:00,-7.2912,112.70652,Surabaya
EV03051,D047,2026-02-04 01:43:38,-6.86357,107.52319,Bandung
EV01104,D025,2026-02-04 01:49:51,3.67726,98.66618,Medan
EV02136,D028,2026-02-04 02:34:16,-5.14994,119.44498,Makassar
EV03356,D009,2026-02-04 03:11:12,3.65512,98.65162,Medan
EV02622,D060,2026-02-04 03:50:25,-6.80078,107.68894,Bandung
EV02072,D018,2026-02-04 05:01:02,-6.25543,106.77497,Jakarta
EV01998,D078,2026-02-04 05:38:25,-6.27272,106.7191,Jakarta
EV01246,D067,2026-02-04 05:49:09,-5.19291,119.43577,Makassar
EV03777,D063,2026-02-04 05:55:54,-6.8482,107.66097,Bandung
EV02947,D030,2026-02-04 06:13:06,3.58597,98.67804,Medan
EV01636,D033,2026-02-04 06:23:33,-5.1152,119.41996,Makassar
EV02601,D027,2026-02-04 06:30:15,-6.80904,107.54619,Bandung
EV00670,D002,2026-02-04 07:13:38,-6.80621,107.67325,Bandung
EV02706,D072,2026-02-04 07:49:42,-5.12019,119.4945,Makassar
EV02760,D077,2026-02-04 07:53:10,-6.1223,106.81164,Jakarta
EV02026,D003,2026-02-04 08:32:33,-6.1005,106.76913,Jakarta
EV02727,D003,2026-02-04 08:34:15,-6.28326,106.84491,Jakarta
EV02059,D023,2026-02-04 09:39:19,-7.26885,112.79018,Surabaya
EV02658,D010,2026-02-04 10:03:50,-5.14133,119.43417,Makassar
EV01089,D080,2026-02-04 10:23:37,-7.25609,112.71334,Surabaya
EV02087,D049,2026-02-04 10:34:34,3.6989,98.67394,Medan
EV00366,D077,2026-02-04 10:48:01,-6.24996,106.81457,Jakarta
EV02821,D055,2026-02-04 10:54:21,-5.13727,119.42652,Makassar
EV03217,D044,2026-02-04 11:05:45,-6.20866,106.85481,Jakarta
EV03583,D086,2026-02-04 11:53:00,-5.11762,119.48863,Makassar
EV01217,D025,2026-02-04 11:58:23,3.56876,98.61217,Medan
EV02137,D083,2026-02-04 12:36:10,3.57513,98.62973,Medan
EV03441,D073,2026-02-04 13:04:54,-6.24777,106.85784,Jakarta
EV01144,D039,2026-02-04 14:35:49,-5.17983,119.40925,Makassar
EV03251,D030,2026-02-04 14:38:35,3.62633,98.68666,Medan
EV02260,D006,2026-02-04 14:54:31,-7.26852,112.79998,Surabaya
EV03508,D042,2026-02-04 16:21:58,-6.84493,107.53704,Bandung
EV03206,D021,2026-02-04 19:35:35,3.54555,98.62263,Medan
EV03940,D078,2026-02-04 19:54:03,-6.29225,106.79495,Jakarta
EV02132,D089,2026-02-04 19:57:50,-7.22282,112.7124,Surabaya
EV00284,D046,2026-02-04 19:58:12,-5.1244,119.48273,Makassar
EV00687,D042,2026-02-04 20:17:16,-6.88664,107.69885,Bandung
EV03704,D008,2026-02-04 21:05:56,-6.18062,106.77805,Jakarta
EV00298,D072,2026-02-04 21:28:43,-5.12609,119.44729,Makassar
EV03005,D067,2026-02-04 22:03:53,-5.18653,119.47834,Makassar
EV00160,D050,2026-02-05 01:41:56,-5.1255,119.47848,Makassar
EV01425,D018,2026-02-05 01:51:32,-6.13011,106.82834,Jakarta
EV02900,D048,2026-02-05 02:54:56,-5.13878,119.4626,Makassar
EV03059,D082,2026-02-05 03:19:43,-6.14711,106.71139,Jakarta
EV01059,D044,2026-02-05 03:20:46,-6.16162,106.83424,Jakarta
EV02041,D021,2026-02-05 03:40:05,3.65539,98.6031,Medan
EV02923,D015,2026-02-05 03:53:09,3.55569,98.65738,Medan
EV01743,D076,2026-02-05 05:50:30,3.58795,98.6979,Medan
EV02913,D041,2026-02-05 05:57:14,-7.22361,112.76656,Surabaya
EV02048,D053,2026-02-05 06:38:43,3.5545,98.68272,Medan
EV00139,D060,2026-02-05 07:40:39,-6.84484,107.51086,Bandung
EV00371,D079,2026-02-05 07:41:09,-5.19268,119.47933,Makassar
EV03306,D018,2026-02-05 07:58:29,-6.23706,106.86679,Jakarta
EV01120,D077,2026-02-05 08:55:01,-6.2492,106.71314,Jakarta
EV01975,D035,2026-02-05 09:27:54,3.6041,98.68647,Medan
EV00956,D030,2026-02-05 09:54:59,3.55119,98.6747,Medan
EV02371,D055,2026-02-05 10:12:01,-5.16289,119.42026,Makassar
EV01239,D088,2026-02-05 10:23:34,-5.13168,119.41569,Makassar
EV02321,D030,2026-02-05 11:28:51,3.67457,98.69508,Medan
EV00301,D076,2026-02-05 11:57:38,3.64625,98.66261,Medan
EV00266,D079,2026-02-05 12:04:35,-5.15724,119.4785,Makassar
EV01310,D026,2026-02-05 12:20:52,-6.85791,107.63167,Bandung
EV01311,D094,2026-02-05 13:01:21,-5.1735,119.42196,Makassar
EV02800,D069,2026-02-05 13:21:41,-7.29162,112.74142,Surabaya
EV02934,D015,2026-02-05 14:32:13,3.56438,98.69818,Medan
EV02074,D046,2026-02-05 14:59:57,-5.11881,119.43799,Makassar
EV01128,D041,2026-02-05 15:15:19,-7.26125,112.73947,Surabaya
EV00226,D087,2026-02-05 15:42:03,-6.16033,106.75101,Jakarta
EV01235,D056,2026-02-05 16:15:27,-7.2482,112.73487,Surabaya
EV00695,D083,2026-02-05 16:32:14,3.65733,98.69624,Medan
EV02047,D045,2026-02-05 17:03:48,-7.21609,112.78244,Surabaya
EV03184,D075,2026-02-05 17:31:12,-7.22482,112.77051,Surabaya
EV00763,D086,2026-02-05 18:00:48,-5.19888,119.4033,Makassar
EV02718,D074,2026-02-05 18:36:27,-7.21599,112.78367,Surabaya
EV03234,D016,2026-02-05 19:08:12,-7.27013,112.77775,Surabaya
EV00229,D037,2026-02-05 19:28:05,-5.18362,119.48019,Makassar
EV02024,D047,2026-02-05 19:52:56,-6.8521,107.66945,Bandung
EV01474,D011,2026-02-05 19:53:35,-6.86765,107.58425,Bandung
EV01010,D055,2026-02-05 20:05:17,-5.15695,119.41049,Makassar
EV02320,D030,2026-02-05 20:24:50,3.6111,98.67782,Medan
EV03934,D058,2026-02-05 21:59:35,-5.10222,119.45652,Makassar
EV00864,D037,2026-02-05 22:21:43,-5.19575,119.49709,Makassar
EV00733,D008,2026-02-05 23:04:32,-6.20757,106.70372,Jakarta
EV02681,D031,2026-02-05 23:55:26,3.6022,98.61795,Medan
EV01650,D039,2026-02-06 00:40:28,-5.1104,119.48816,Makassar
EV01312,D057,2026-02-06 02:15:25,-5.19678,119.48623,Makassar
EV03607,D061,2026-02-06 02:33:26,-6.86311,107.60908,Bandung
EV00554,D050,2026-02-06 02:37:33,-5.17222,119.43045,Makassar
EV02632,D089,2026-02-06 03:00:13,-7.21577,112.72258,Surabaya
EV03071,D052,2026-02-06 03:26:43,-7.21224,112.72622,Surabaya
EV01560,D026,2026-02-06 03:49:24,-6.88225,107.62633,Bandung
EV02824,D004,2026-02-06 03:57:44,-7.29445,112.79497,Surabaya
EV00128,D072,2026-02-06 04:12:38,-5.15625,119.44972,Makassar
EV03260,D078,2026-02-06 04:37:55,-6.18162,106.83802,Jakarta
EV02767,D050,2026-02-06 04:48:51,-5.11134,119.4394,Makassar
EV03261,D076,2026-02-06 04:53:05,3.59041,98.63471,Medan
EV02155,D029,2026-02-06 05:32:14,-6.8407,107.63633,Bandung
EV00416,D027,2026-02-06 05:40:29,-6.87079,107.53929,Bandung
EV03134,D070,2026-02-06 06:06:31,-7.26894,112.71756,Surabaya
EV01501,D020,2026-02-06 06:30:13,-5.17583,119.43626,Makassar
EV00629,D093,2026-02-06 08:45:08,-7.24029,112.79586,Surabaya
EV02704,D069,2026-02-06 08:46:42,-7.21442,112.73833,Surabaya
EV00815,D093,2026-02-06 09:02:35,-7.23111,112.76275,Surabaya
EV02022,D029,2026-02-06 09:45:48,-6.87055,107.63921,Bandung
EV02789,D069,2026-02-06 09:52:53,-7.23148,112.77762,Surabaya
EV00582,D089,2026-02-06 09:53:37,-7.28411,112.7074,Surabaya
EV03035,D038,2026-02-06 10:41:07,-6.86708,107.5431,Bandung
EV02971,D094,2026-02-06 11:03:32,-5.1027,119.45076,Makassar
EV02193,D066,2026-02-06 11:26:01,-6.88068,107.60073,Bandung
EV00485,D017,2026-02-06 11:31:44,-5.18091,119.49081,Makassar
EV01041,D065,2026-02-06 12:11:03,-7.27242,112.76682,Surabaya
EV01366,D035,2026-02-06 12:31:56,3.62597,98.6427,Medan
EV00619,D090,2026-02-06 13:05:40,-6.83613,107.56744,Bandung
EV03519,D034,2026-02-06 13:06:01,3.50291,98.68861,Medan
EV01779,D087,2026-02-06 13:46:20,-6.25704,106.83974,Jakarta
EV01319,D062,2026-02-06 14:14:17,3.64663,98.64578,Medan
EV02028,D073,2026-02-06 14:20:08,-6.22366,106.81022,Jakarta
EV01136,D028,2026-02-06 14:22:18,-5.19814,119.4466,Makassar
EV01728,D054,2026-02-06 15:14:50,-5.17956,119.45251,Makassar
EV03600,D037,2026-02-06 15:37:14,-5.13531,119.48435,Makassar
EV03567,D027,2026-02-06 16:19:01,-6.85658,107.56756,Bandung
EV03248,D036,2026-02-06 16:41:09,-6.23255,106.86167,Jakarta
EV02279,D020,2026-02-06 16:42:41,-5.18983,119.41268,Makassar
EV03058,D012,2026-02-06 16:53:50,-6.16378,106.79968,Jakarta
EV00321,D041,2026-02-06 17:10:48,-7.28966,112.74636,Surabaya
EV03640,D012,2026-02-06 17:38:14,-6.29251,106.85202,Jakarta
EV02616,D002,2026-02-06 19:16:53,-6.87312,107.6339,Bandung
EV03780,D048,2026-02-06 21:00:33,-5.18209,119.40845,Makassar
EV01892,D024,2026-02-06 21:21:08,3.54629,98.63296,Medan
EV00163,D027,2026-02-06 21:22:20,-6.89511,107.69044,Bandung
EV02071,D030,2026-02-06 22:04:54,3.57652,98.68901,Medan
EV00168,D071,2026-02-06 23:02:31,-6.83986,107.68279,Bandung
EV02456,D015,2026-02-06 23:40:10,3.54777,98.68241,Medan
EV02104,D033,2026-02-07 00:45:37,-5.16523,119.44034,Makassar
EV03427,D030,2026-02-07 01:03:04,3.54323,98.65708,Medan
EV02168,D082,2026-02-07 01:06:39,-6.25245,106.77657,Jakarta
EV01092,D037,2026-02-07 01:08:15,-5.18807,119.42439,Makassar
EV02649,D080,2026-02-07 01:14:21,-7.26961,112.7076,Surabaya
EV01982,D088,2026-02-07 01:19:22,-5.11607,119.47438,Makassar
EV02089,D072,2026-02-07 01:31:15,-5.18532,119.48742,Makassar
EV02832,D064,2026-02-07 01:35:52,-5.14241,119.46811,Makassar
EV03989,D004,2026-02-07 01:57:22,-7.24004,112.71879,Surabaya
EV02833,D027,2026-02-07 02:48:54,-6.89792,107.68073,Bandung
EV00250,D054,2026-02-07 03:15:35,-5.12002,119.4867,Makassar
EV01865,D052,2026-02-07 04:59:56,-7.24202,112.7819,Surabaya
EV03267,D071,2026-02-07 05:03:44,-6.81245,107.68674,Bandung
EV02430,D057,2026-02-07 05:05:29,-5.11042,119.4702,Makassar
EV03126,D050,2026-02-07 05:16:24,-5.16525,119.41296,Makassar
EV03761,D082,2026-02-07 05:46:09,-6.28085,106.83689,Jakarta
EV02113,D050,2026-02-07 05:56:46,-5.14542,119.49174,Makassar
EV01822,D077,2026-02-07 06:00:34,-6.16537,106.71389,Jakarta
EV00126,D012,2026-02-07 06:37:17,-6.12503,106.72902,Jakarta
EV01256,D084,2026-02-07 07:23:13,-7.26612,112.7932,Surabaya
EV03578,D013,2026-02-07 08:18:33,-6.28305,106.74239,Jakarta
EV01748,D083,2026-02-07 08:42:18,3.57117,98.64615,Medan
EV00029,D011,2026-02-07 09:03:33,-6.8644,107.55231,Bandung
EV00068,D075,2026-02-07 09:33:38,-7.28675,112.79845,Surabaya
EV00046,D014,2026-02-07 09:41:47,-7.26658,112.7988,Surabaya
EV03558,D032,2026-02-07 10:50:27,-5.19915,119.41095,Makassar
EV02323,D093,2026-02-07 11:27:44,-7.25088,112.70033,Surabaya
EV03138,D002,2026-02-07 12:00:05,-6.84436,107.63987,Bandung
EV02218,D086,2026-02-07 12:23:14,-5.11908,119.45139,Makassar
EV02327,D018,2026-02-07 12:52:02,-6.19106,106.76777,Jakarta
EV03565,D062,2026-02-07 13:20:55,3.66604,98.60781,Medan
EV00261,D075,2026-02-07 13:30:03,-7.25699,112.71873,Surabaya
EV00358,D038,2026-02-07 13:46:40,-6.86988,107.62267,Bandung
EV02130,D089,2026-02-07 14:31:53,-7.2693,112.70598,Surabaya
EV01263,D024,2026-02-07 15:05:18,3.61899,98.60565,Medan
EV02504,D089,2026-02-07 15:32:09,-7.29002,112.72857,Surabaya
EV01107,D054,2026-02-07 16:02:14,-5.19109,119.40922,Makassar
EV00883,D035,2026-02-07 18:26:15,3.6779,98.66196,Medan
EV01175,D019,2026-02-07 19:49:43,-7.27887,112.73641,Surabaya
EV02915,D088,2026-02-07 19:50:09,-5.11808,119.49186,Makassar
EV01508,D047,2026-02-07 19:57:42,-6.84112,107.50739,Bandung
EV03328,D087,2026-02-07 20:00:24,-6.10008,106.83813,Jakarta
EV02153,D065,2026-02-07 21:05:03,-7.21813,112.7516,Surabaya
EV03649,D090,2026-02-07 21:13:10,-6.80081,107.65845,Bandung
EV03304,D036,2026-02-07 23:22:15,-6.25141,106.80446,Jakarta
EV02162,D080,2026-02-08 01:24:20,-7.23081,112.75947,Surabaya
EV01140,D029,2026-02-08 02:13:45,-6.89419,107.60308,Bandung
EV02103,D063,2026-02-08 02:31:16,-6.84588,107.69783,Bandung
EV03054,D005,2026-02-08 04:51:21,-6.82238,107.68351,Bandung
EV03667,D025,2026-02-08 05:44:41,3.69708,98.663,Medan
EV03396,D083,2026-02-08 08:48:14,3.61923,98.67099,Medan
EV01323,D079,2026-02-08 09:13:59,-5.19329,119.47383,Makassar
EV03247,D041,2026-02-08 09:28:32,-7.20857,112.79475,Surabaya
EV02247,D002,2026-02-08 10:57:43,-6.88036,107.62607,Bandung
EV01646,D053,2026-02-08 11:10:37,3.62421,98.6537,Medan
EV02595,D030,2026-02-08 11:57:37,3.64181,98.67215,Medan
EV00036,D012,2026-02-08 12:53:31,-6.24632,106.71743,Jakarta
EV02858,D078,2026-02-08 14:05:27,-6.13602,106.8861,Jakarta
EV03117,D017,2026-02-08 14:07:17,-5.17657,119.41495,Makassar
EV00722,D067,2026-02-08 15:24:26,-5.17173,119.42124,Makassar
EV02555,D012,2026-02-08 16:20:15,-6.13326,106.77671,Jakarta
EV00711,D005,2026-02-08 17:04:42,-6.88493,107.56739,Bandung
EV01213,D033,2026-02-08 17:56:06,-5.18377,119.42061,Makassar
EV03845,D034,2026-02-08 18:27:25,3.54734,98.68693,Medan
EV01529,D064,2026-02-08 19:01:58,-5.12015,119.48702,Makassar
EV00780,D084,2026-02-08 19:32:55,-7.28258,112.78906,Surabaya
EV03983,D019,2026-02-08 20:13:24,-7.22633,112.76767,Surabaya
EV02035,D079,2026-02-08 20:39:53,-5.19081,119.44376,Makassar
EV01458,D074,2026-02-08 21:08:49,-7.2488,112.78041,Surabaya
EV00023,D026,2026-02-08 22:04:40,-6.80462,107.69314,Bandung
EV01970,D022,2026-02-08 23:42:03,3.57732,98.69838,Medan
EV00172,D057,2026-02-09 00:43:00,-5.15752,119.41056,Makassar
EV02723,D036,2026-02-09 01:24:01,-6.28934,106.8127,Jakarta
EV02932,D070,2026-02-09 02:05:04,-7.27687,112.76917,Surabaya
EV02453,D048,2026-02-09 02:48:25,-5.17867,119.44525,Makassar
EV00517,D067,2026-02-09 03:03:54,-5.12347,119.46569,Makassar
EV00757,D059,2026-02-09 03:25:37,-7.26736,112.7072,Surabaya
EV01519,D044,2026-02-09 03:59:54,-6.12273,106.7722,Jakarta
EV00887,D070,2026-02-09 04:14:49,-7.25651,112.71713,Surabaya
EV01640,D055,2026-02-09 04:27:09,-5.13322,119.41904,Makassar
EV00274,D071,2026-02-09 05:06:44,-6.83342,107.69095,Bandung
EV03612,D003,2026-02-09 05:07:30,-6.28327,106.80521,Jakarta
EV02596,D095,2026-02-09 05:20:03,-7.22013,112.71537,Surabaya
EV03190,D078,2026-02-09 08:43:24,-6.12039,106.72705,Jakarta
EV02454,D004,2026-02-09 10:50:04,-7.22598,112.73871,Surabaya
EV02567,D078,2026-02-09 12:12:35,-6.19537,106.78756,Jakarta
EV00448,D093,2026-02-09 14:12:23,-7.2167,112.72647,Surabaya
EV01576,D050,2026-02-09 14:16:31,-5.10294,119.42955,Makassar
EV02939,D068,2026-02-09 14:38:25,-6.87329,107.553,Bandung
EV00120,D063,2026-02-09 15:23:05,-6.81012,107.64877,Bandung
EV02262,D053,2026-02-09 16:17:32,3.55759,98.69718,Medan
EV03505,D022,2026-02-09 16:56:35,3.51549,98.65764,Medan
EV01624,D080,2026-02-09 18:05:21,-7.26554,112.7379,Surabaya
EV01830,D054,2026-02-09 18:27:21,-5.10057,119.49486,Makassar
EV02944,D015,2026-02-09 18:45:36,3.68862,98.64839,Medan
EV02917,D006,2026-02-09 19:23:13,-7.26032,112.7368,Surabaya
EV03576,D047,2026-02-09 20:11:36,-6.88179,107.65325,Bandung
EV03375,D017,2026-02-09 20:39:45,-5.13542,119.45068,Makassar
EV03993,D088,2026-02-09 20:51:38,-5.11004,119.49328,Makassar
EV03013,D047,2026-02-09 21:03:31,-6.86752,107.63884,Bandung
EV03767,D045,2026-02-09 21:38:51,-7.28862,112.79266,Surabaya
EV01922,D081,2026-02-09 21:56:49,-5.14754,119.42018,Makassar
EV01359,D083,2026-02-09 21:57:08,3.55525,98.66262,Medan
EV01186,D013,2026-02-09 21:59:47,-6.27758,106.85819,Jakarta
EV00079,D027,2026-02-09 22:11:04,-6.8519,107.54728,Bandung
EV02429,D093,2026-02-09 22:51:28,-7.22596,112.73968,Surabaya
EV03202,D068,2026-02-09 22:58:47,-6.80246,107.68013,Bandung
EV03420,D030,2026-02-09 23:10:11,3.69915,98.61377,Medan
EV00355,D076,2026-02-10 00:27:39,3.53368,98.68214,Medan
EV01432,D036,2026-02-10 00:40:07,-6.11065,106.88442,Jakarta
EV02094,D023,2026-02-10 01:34:06,-7.20737,112.7916,Surabaya
EV00845,D075,2026-02-10 01:34:52,-7.21494,112.78888,Surabaya
EV00590,D080,2026-02-10 03:38:49,-7.28018,112.77399,Surabaya
EV01006,D025,2026-02-10 03:42:06,3.65536,98.64288,Medan
EV01157,D057,2026-02-10 03:45:45,-5.12361,119.42159,Makassar
EV02227,D026,2026-02-10 04:37:37,-6.84667,107.6252,Bandung
EV01415,D047,2026-02-10 06:15:29,-6.8455,107.56614,Bandung
EV03262,D078,2026-02-10 06:28:48,-6.25145,106.79595,Jakarta
EV03573,D011,2026-02-10 06:32:11,-6.85025,107.69292,Bandung
EV02490,D024,2026-02-10 06:34:34,3.59667,98.64605,Medan
EV03779,D031,2026-02-10 06:56:15,3.5193,98.60868,Medan
EV03543,D028,2026-02-10 07:03:43,-5.14565,119.45963,Makassar
EV03070,D038,2026-02-10 07:16:45,-6.88742,107.68656,Bandung
EV02436,D009,2026-02-10 07:27:32,3.65191,98.60808,Medan
EV00555,D046,2026-02-10 07:37:50,-5.15665,119.41639,Makassar
EV01926,D081,2026-02-10 08:10:41,-5.15999,119.4894,Makassar
EV00130,D039,2026-02-10 08:33:06,-5.15324,119.44087,Makassar
EV03400,D069,2026-02-10 10:37:36,-7.27906,112.70187,Surabaya
EV03696,D085,2026-02-10 10:50:38,3.58362,98.61012,Medan
EV01747,D058,2026-02-10 11:06:45,-5.18645,119.48608,Makassar
EV01088,D070,2026-02-10 12:25:30,-7.27995,112.71539,Surabaya
EV02683,D034,2026-02-10 12:42:26,3.66185,98.66478,Medan
EV03672,D032,2026-02-10 12:59:53,-5.12996,119.47214,Makassar
EV03727,D072,2026-02-10 13:08:55,-5.11051,119.40408,Makassar
EV03475,D085,2026-02-10 13:44:32,3.64487,98.68815,Medan
EV02326,D006,2026-02-10 14:20:45,-7.2868,112.78233,Surabaya
EV03503,D024,2026-02-10 14:22:50,3.59072,98.67218,Medan
EV00779,D027,2026-02-10 14:37:12,-6.89665,107.51285,Bandung
EV00556,D074,2026-02-10 14:48:16,-7.22106,112.73043,Surabaya
EV00678,D048,2026-02-10 15:14:19,-5.15879,119.41907,Makassar
EV01472,D027,2026-02-10 16:16:20,-6.86953,107.51776,Bandung
EV03479,D036,2026-02-10 16:18:37,-6.27408,106.81548,Jakarta
EV02933,D021,2026-02-10 17:32:26,3.6145,98.61324,Medan
EV00672,D088,2026-02-10 18:21:13,-5.18658,119.40936,Makassar
EV03771,D041,2026-02-10 18:49:25,-7.25052,112.74882,Surabaya
EV03732,D085,2026-02-10 19:37:50,3.57717,98.65256,Medan
EV02004,D015,2026-02-10 19:50:45,3.69942,98.63079,Medan
EV03630,D006,2026-02-10 20:02:04,-7.29019,112.78939,Surabaya
EV02815,D027,2026-02-10 20:39:47,-6.8274,107.65007,Bandung
EV02483,D032,2026-02-10 21:52:33,-5.12272,119.48446,Makassar
EV01349,D079,2026-02-10 21:57:00,-5.11958,119.46686,Makassar
EV01502,D024,2026-02-10 22:05:48,3.58289,98.67059,Medan
EV02472,D037,2026-02-10 22:18:04,-5.11861,119.4745,Makassar
EV00066,D064,2026-02-10 22:24:33,-5.13339,119.4195,Makassar
EV03898,D019,2026-02-10 23:08:12,-7.27639,112.72484,Surabaya
EV01058,D071,2026-02-10 23:26:01,-6.83901,107.66855,Bandung
EV02235,D044,2026-02-10 23:51:14,-6.20402,106.83438,Jakarta
EV00136,D004,2026-02-10 23:52:56,-7.27767,112.78851,Surabaya
EV01111,D077,2026-02-11 00:08:56,-6.18958,106.88144,Jakarta
EV01138,D021,2026-02-11 00:12:33,3.62043,98.66801,Medan
EV01393,D004,2026-02-11 00:48:17,-7.20779,112.70379,Surabaya
EV00794,D003,2026-02-11 01:46:24,-6.16423,106.85366,Jakarta
EV01858,D021,2026-02-11 03:39:01,3.66128,98.63811,Medan
EV02405,D060,2026-02-11 03:41:44,-6.84425,107.62426,Bandung
EV02963,D052,2026-02-11 04:04:57,-7.20578,112.74222,Surabaya
EV03570,D091,2026-02-11 04:12:52,-6.80789,107.50528,Bandung
EV00771,D055,2026-02-11 04:33:11,-5.16961,119.47876,Makassar
EV01901,D001,2026-02-11 05:06:05,-7.28897,112.76422,Surabaya
EV00103,D034,2026-02-11 05:40:00,3.65694,98.65196,Medan
EV03002,D010,2026-02-11 06:10:57,-5.16537,119.41261,Makassar
EV01844,D036,2026-02-11 06:16:33,-6.23342,106.85815,Jakarta
EV02447,D045,2026-02-11 06:34:43,-7.25032,112.72205,Surabaya
EV02891,D057,2026-02-11 06:46:37,-5.19089,119.40841,Makassar
EV01199,D094,2026-02-11 07:13:02,-5.12158,119.42596,Makassar
EV02731,D074,2026-02-11 07:51:25,-7.25799,112.70016,Surabaya
EV02283,D027,2026-02-11 08:21:12,-6.80551,107.61502,Bandung
EV03523,D019,2026-02-11 08:26:32,-7.29239,112.7461,Surabaya
EV01475,D053,2026-02-11 08:38:50,3.5551,98.65857,Medan
EV02599,D060,2026-02-11 09:31:24,-6.89181,107.66353,Bandung
EV03714,D054,2026-02-11 10:01:47,-5.19119,119.44269,Makassar
EV00189,D059,2026-02-11 10:09:41,-7.20528,112.76069,Surabaya
EV01376,D037,2026-02-11 10:12:10,-5.16112,119.49766,Makassar
EV03237,D014,2026-02-11 10:55:25,-7.22861,112.78172,Surabaya
EV00427,D051,2026-02-11 11:29:58,-6.18442,106.88453,Jakarta
EV02617,D019,2026-02-11 12:00:46,-7.25581,112.79017,Surabaya
EV00872,D082,2026-02-11 12:01:56,-6.13329,106.88149,Jakarta
EV01948,D071,2026-02-11 12:12:15,-6.89479,107.52505,Bandung
EV02254,D047,2026-02-11 14:53:21,-6.87425,107.58395,Bandung
EV02434,D040,2026-02-11 15:10:57,-5.12537,119.41661,Makassar
EV01985,D008,2026-02-11 15:28:58,-6.28391,106.89509,Jakarta
EV02150,D053,2026-02-11 16:31:43,3.50084,98.66009,Medan
EV03096,D027,2026-02-11 16:56:38,-6.89493,107.63598,Bandung
EV03796,D053,2026-02-11 17:23:58,3.63349,98.64589,Medan
EV03332,D056,2026-02-11 17:26:16,-7.26104,112.79321,Surabaya
EV00997,D058,2026-02-11 17:53:49,-5.17992,119.45101,Makassar
EV01373,D051,2026-02-11 18:05:40,-6.22686,106.82932,Jakarta
EV01920,D059,2026-02-11 18:12:58,-7.24536,112.79922,Surabaya
EV01552,D042,2026-02-11 19:33:04,-6.84783,107.68537,Bandung
EV01032,D048,2026-02-11 20:08:50,-5.17499,119.48648,Makassar
EV00174,D067,2026-02-11 20:17:29,-5.11698,119.45287,Makassar
EV03283,D054,2026-02-11 21:12:01,-5.1586,119.46329,Makassar
EV01773,D009,2026-02-11 21:45:51,3.52767,98.64118,Medan
EV03566,D036,2026-02-11 22:19:12,-6.22181,106.77095,Jakarta
EV01158,D087,2026-02-11 22:34:43,-6.11723,106.79929,Jakarta
EV00538,D038,2026-02-11 23:33:04,-6.8329,107.53302,Bandung
EV02373,D026,2026-02-11 23:43:42,-6.81575,107.51038,Bandung
EV01205,D002,2026-02-11 23:44:03,-6.88368,107.55104,Bandung
EV01607,D052,2026-02-12 00:05:04,-7.22149,112.77913,Surabaya
EV03089,D030,2026-02-12 01:33:13,3.68484,98.60663,Medan
EV02144,D063,2026-02-12 01:42:02,-6.88686,107.69284,Bandung
EV00858,D059,2026-02-12 02:11:00,-7.28757,112.73559,Surabaya
EV03084,D050,2026-02-12 02:20:36,-5.19785,119.41023,Makassar
EV01181,D087,2026-02-12 02:24:02,-6.19498,106.86707,Jakarta
EV02773,D014,2026-02-12 03:42:52,-7.2563,112.76244,Surabaya
EV02334,D092,2026-02-12 03:52:21,-6.81469,107.63503,Bandung
EV00900,D047,2026-02-12 04:24:41,-6.80066,107.60661,Bandung
EV01115,D018,2026-02-12 04:29:40,-6.12497,106.86057,Jakarta
EV01667,D050,2026-02-12 05:57:40,-5.11905,119.44082,Makassar
EV02499,D018,2026-02-12 06:16:59,-6.13239,106.72647,Jakarta
EV02345,D061,2026-02-12 06:54:08,-6.89349,107.55312,Bandung
EV01494,D037,2026-02-12 07:12:19,-5.16339,119.47546,Makassar
EV01280,D015,2026-02-12 07:49:19,3.60579,98.68177,Medan
EV00215,D033,2026-02-12 07:53:26,-5.13331,119.4381,Makassar
EV03642,D018,2026-02-12 08:05:34,-6.26274,106.70687,Jakarta
EV00513,D077,2026-02-12 08:21:26,-6.23351,106.75918,Jakarta
EV00184,D028,2026-02-12 09:31:21,-5.18282,119.48019,Makassar
EV02882,D015,2026-02-12 10:37:16,3.51684,98.69993,Medan
EV01597,D072,2026-02-12 10:38:51,-5.11078,119.45822,Makassar
EV00515,D017,2026-02-12 11:21:32,-5.12434,119.47464,Makassar
EV00159,D014,2026-02-12 12:19:09,-7.20937,112.75467,Surabaya
EV00359,D010,2026-02-12 12:42:12,-5.10092,119.46792,Makassar
EV00664,D031,2026-02-12 12:44:22,3.63506,98.69558,Medan
EV02032,D077,2026-02-12 13:06:01,-6.13575,106.77764,Jakarta
EV01133,D051,2026-02-12 13:42:12,-6.21257,106.83911,Jakarta
EV01403,D015,2026-02-12 13:48:58,3.66306,98.65563,Medan
EV01961,D052,2026-02-12 17:53:14,-7.22476,112.71173,Surabaya
EV02083,D080,2026-02-12 18:13:53,-7.29837,112.76461,Surabaya
EV03754,D094,2026-02-12 18:27:46,-5.14339,119.44957,Makassar
EV02410,D070,2026-02-12 18:29:59,-7.26843,112.7666,Surabaya
EV00061,D003,2026-02-12 18:36:00,-6.199,106.73882,Jakarta
EV02643,D087,2026-02-12 19:15:25,-6.20418,106.80711,Jakarta
EV01594,D075,2026-02-12 21:48:18,-7.23361,112.77713,Surabaya
EV03706,D070,2026-02-12 21:49:49,-7.23936,112.71587,Surabaya
EV00166,D051,2026-02-12 22:13:20,-6.16971,106.82417,Jakarta
EV00027,D051,2026-02-12 22:19:44,-6.17585,106.77926,Jakarta
EV01780,D076,2026-02-12 22:25:48,3.52808,98.65047,Medan
EV00726,D060,2026-02-12 22:36:29,-6.8286,107.51851,Bandung
EV01562,D043,2026-02-12 22:45:03,-6.14725,106.87722,Jakarta
EV01054,D058,2026-02-12 23:09:02,-5.17176,119.41935,Makassar
EV02841,D051,2026-02-12 23:55:09,-6.13626,106.77135,Jakarta
EV02073,D093,2026-02-13 00:08:33,-7.25474,112.76998,Surabaya
EV02926,D077,2026-02-13 00:46:21,-6.23243,106.84753,Jakarta
EV00149,D004,2026-02-13 00:50:20,-7.28385,112.77639,Surabaya
EV00902,D085,2026-02-13 01:07:50,3.66182,98.64211,Medan
EV00524,D013,2026-02-13 01:44:35,-6.29386,106.85814,Jakarta
EV01847,D049,2026-02-13 01:48:37,3.65521,98.63023,Medan
EV00851,D072,2026-02-13 01:58:11,-5.19071,119.44188,Makassar
EV03429,D066,2026-02-13 02:56:35,-6.82955,107.51067,Bandung
EV03973,D011,2026-02-13 02:59:19,-6.89286,107.68114,Bandung
EV01582,D040,2026-02-13 03:05:19,-5.10286,119.42217,Makassar
EV01072,D015,2026-02-13 03:17:31,3.69921,98.63762,Medan
EV00802,D037,2026-02-13 03:30:52,-5.15368,119.4629,Makassar
EV03152,D085,2026-02-13 03:51:53,3.6464,98.68549,Medan
EV01959,D005,2026-02-13 05:36:01,-6.84761,107.55525,Bandung
EV01125,D034,2026-02-13 06:19:13,3.69075,98.66797,Medan
EV01770,D080,2026-02-13 06:51:10,-7.2373,112.77002,Surabaya
EV03361,D039,2026-02-13 07:00:41,-5.10026,119.4284,Makassar
EV01521,D008,2026-02-13 07:20:43,-6.11472,106.71254,Jakarta
EV00095,D044,2026-02-13 07:38:43,-6.28983,106.89185,Jakarta
EV01966,D009,2026-02-13 08:01:35,3.69445,98.6746,Medan
EV02962,D064,2026-02-13 08:09:02,-5.19185,119.41046,Makassar
EV02729,D065,2026-02-13 08:40:17,-7.26081,112.79892,Surabaya
EV01296,D070,2026-02-13 09:45:49,-7.23766,112.75611,Surabaya
EV03238,D053,2026-02-13 09:46:39,3.62891,98.62117,Medan
EV02444,D014,2026-02-13 10:23:20,-7.23241,112.77643,Surabaya
EV03099,D074,2026-02-13 11:49:07,-7.23811,112.70038,Surabaya
EV02435,D059,2026-02-13 12:21:40,-7.24498,112.7192,Surabaya
EV02953,D076,2026-02-13 12:49:28,3.52905,98.62018,Medan
EV01758,D027,2026-02-13 12:57:39,-6.8277,107.67809,Bandung
EV03298,D091,2026-02-13 13:08:58,-6.83397,107.62145,Bandung
EV01681,D044,2026-02-13 13:54:37,-6.18274,106.70435,Jakarta
EV02493,D005,2026-02-13 14:11:17,-6.87693,107.67927,Bandung
EV03712,D057,2026-02-13 14:23:32,-5.16332,119.42846,Makassar
EV01261,D062,2026-02-13 16:48:11,3.62499,98.63643,Medan
EV01283,D040,2026-02-13 17:07:17,-5.13264,119.4142,Makassar
EV02877,D053,2026-02-13 18:08:36,3.64899,98.69859,Medan
EV00643,D090,2026-02-13 18:22:48,-6.8332,107.59131,Bandung
EV02812,D071,2026-02-13 18:31:13,-6.87003,107.66126,Bandung
EV00478,D088,2026-02-13 18:53:09,-5.15024,119.4212,Makassar
EV03359,D079,2026-02-13 19:18:37,-5.13605,119.43106,Makassar
EV02272,D052,2026-02-13 20:11:12,-7.20169,112.76176,Surabaya
EV02759,D016,2026-02-13 21:07:27,-7.26174,112.77489,Surabaya
EV02406,D082,2026-02-13 21:16:53,-6.21421,106.84597,Jakarta
EV02069,D047,2026-02-13 22:02:23,-6.81888,107.55386,Bandung
EV03868,D062,2026-02-13 22:19:53,3.62693,98.64078,Medan
EV02095,D018,2026-02-13 22:27:31,-6.20336,106.78855,Jakarta
EV03959,D068,2026-02-13 22:28:27,-6.85152,107.64874,Bandung
EV02703,D074,2026-02-13 22:34:53,-7.23922,112.72771,Surabaya
EV00494,D029,2026-02-14 00:25:45,-6.83233,107.51068,Bandung
EV00195,D002,2026-02-14 00:30:16,-6.81749,107.52801,Bandung
EV00088,D061,2026-02-14 01:53:22,-6.86219,107.53804,Bandung
EV01803,D060,2026-02-14 02:31:10,-6.89956,107.67586,Bandung
EV02301,D004,2026-02-14 03:00:36,-7.25685,112.77527,Surabaya
EV00224,D070,2026-02-14 03:21:16,-7.28788,112.72351,Surabaya
EV01824,D072,2026-02-14 03:44:39,-5.15376,119.43466,Makassar
EV03943,D053,2026-02-14 04:03:26,3.58445,98.69176,Medan
EV01135,D042,2026-02-14 04:28:57,-6.81097,107.64307,Bandung
EV03805,D072,2026-02-14 05:18:25,-5.15788,119.42724,Makassar
EV02120,D031,2026-02-14 06:15:08,3.50744,98.69746,Medan
EV03481,D081,2026-02-14 06:28:02,-5.16983,119.42406,Makassar
EV02231,D033,2026-02-14 06:53:53,-5.10322,119.40106,Makassar
EV02090,D085,2026-02-14 07:21:16,3.55173,98.67147,Medan
EV03533,D043,2026-02-14 08:20:41,-6.25066,106.79296,Jakarta
EV00045,D055,2026-02-14 08:21:48,-5.12624,119.49399,Makassar
EV02524,D010,2026-02-14 09:02:47,-5.16162,119.45481,Makassar
EV01512,D088,2026-02-14 09:36:17,-5.1487,119.47343,Makassar
EV03846,D082,2026-02-14 09:39:17,-6.14922,106.88309,Jakarta
EV01487,D062,2026-02-14 09:46:37,3.52187,98.63486,Medan
EV01105,D081,2026-02-14 10:27:43,-5.12374,119.45777,Makassar
EV02618,D030,2026-02-14 10:38:29,3.50202,98.66681,Medan
EV03403,D073,2026-02-14 11:03:57,-6.24106,106.77429,Jakarta
EV02335,D002,2026-02-14 11:22:56,-6.88229,107.62617,Bandung
EV03339,D071,2026-02-14 12:14:33,-6.8529,107.5791,Bandung
EV01210,D051,2026-02-14 12:21:14,-6.25679,106.79813,Jakarta
EV01785,D028,2026-02-14 13:29:36,-5.16436,119.4703,Makassar
EV03113,D066,2026-02-14 14:11:35,-6.8642,107.62498,Bandung
EV00667,D071,2026-02-14 14:15:45,-6.82336,107.51544,Bandung
EV02779,D029,2026-02-14 14:25:52,-6.87102,107.67151,Bandung
EV02491,D018,2026-02-14 15:08:39,-6.13244,106.88328,Jakarta
EV01267,D070,2026-02-14 15:54:35,-7.27612,112.76213,Surabaya
EV02730,D049,2026-02-14 16:10:55,3.55099,98.6746,Medan
EV01628,D049,2026-02-14 16:29:03,3.62004,98.65038,Medan
EV01558,D094,2026-02-14 16:29:59,-5.14842,119.46772,Makassar
EV01725,D020,2026-02-14 16:52:10,-5.11973,119.45583,Makassar
EV01875,D046,2026-02-14 16:53:17,-5.11644,119.44436,Makassar
EV00474,D010,2026-02-14 17:15:48,-5.13813,119.4031,Makassar
EV03088,D063,2026-02-14 18:27:36,-6.80093,107.51773,Bandung
EV02610,D025,2026-02-14 19:37:16,3.5427,98.64172,Medan
EV00665,D041,2026-02-14 19:39:16,-7.21178,112.77382,Surabaya
EV01396,D016,2026-02-14 20:19:40,-7.2367,112.7586,Surabaya
EV03178,D073,2026-02-14 21:11:06,-6.21331,106.75371,Jakarta
EV03702,D023,2026-02-14 21:50:31,-7.22302,112.73537,Surabaya
EV02352,D030,2026-02-14 21:53:22,3.55433,98.67663,Medan
EV02152,D074,2026-02-14 22:58:47,-7.26197,112.74593,Surabaya
EV03404,D076,2026-02-14 23:09:50,3.67473,98.63268,Medan
EV00323,D013,2026-02-14 23:18:55,-6.28399,106.71806,Jakarta
EV02708,D021,2026-02-15 00:25:54,3.55183,98.6302,Medan
EV00731,D039,2026-02-15 03:26:08,-5.178,119.448,Makassar
EV03623,D070,2026-02-15 04:30:09,-7.27513,112.75687,Surabaya
EV03466,D052,2026-02-15 04:33:58,-7.29188,112.75315,Surabaya
EV03457,D028,2026-02-15 04:35:34,-5.18362,119.45002,Makassar
EV02205,D026,2026-02-15 04:43:43,-6.86186,107.54389,Bandung
EV03228,D039,2026-02-15 05:01:18,-5.16066,119.42551,Makassar
EV01170,D034,2026-02-15 06:24:59,3.69344,98.61828,Medan
EV03687,D061,2026-02-15 06:54:16,-6.8131,107.66766,Bandung
EV02763,D046,2026-02-15 07:14:41,-5.19668,119.48495,Makassar
EV01278,D060,2026-02-15 07:23:08,-6.89041,107.69422,Bandung
EV03382,D087,2026-02-15 09:32:51,-6.26582,106.79466,Jakarta
EV01742,D059,2026-02-15 09:35:54,-7.22113,112.76308,Surabaya
EV03295,D032,2026-02-15 09:44:33,-5.16446,119.40557,Makassar
EV00455,D064,2026-02-15 09:47:15,-5.17711,119.49993,Makassar
EV01459,D042,2026-02-15 10:39:06,-6.85177,107.57964,Bandung
EV03075,D093,2026-02-15 10:45:46,-7.26734,112.72751,Surabaya
EV01276,D084,2026-02-15 10:46:02,-7.23503,112.79801,Surabaya
EV00832,D024,2026-02-15 11:08:06,3.60154,98.63863,Medan
EV00529,D009,2026-02-15 12:00:25,3.59007,98.65828,Medan
EV01467,D022,2026-02-15 12:54:50,3.64147,98.66501,Medan
EV02269,D025,2026-02-15 13:03:07,3.54647,98.62368,Medan
EV01898,D001,2026-02-15 13:15:03,-7.28701,112.70689,Surabaya
EV03938,D092,2026-02-15 13:25:45,-6.89198,107.5719,Bandung
EV01423,D040,2026-02-15 13:29:11,-5.17254,119.40651,Makassar
EV00318,D035,2026-02-15 13:37:01,3.56773,98.66591,Medan
EV03944,D074,2026-02-15 14:25:30,-7.26513,112.73798,Surabaya
EV01113,D072,2026-02-15 14:48:16,-5.15375,119.4646,Makassar
EV02397,D057,2026-02-15 15:08:43,-5.19318,119.42682,Makassar
EV00365,D074,2026-02-15 16:53:10,-7.25789,112.79726,Surabaya
EV03843,D041,2026-02-15 18:09:00,-7.21453,112.74746,Surabaya
EV01188,D044,2026-02-15 18:20:23,-6.16115,106.88336,Jakarta
EV03068,D014,2026-02-15 18:31:26,-7.29676,112.7632,Surabaya
EV03914,D048,2026-02-15 18:35:13,-5.15209,119.4662,Makassar
EV02805,D073,2026-02-15 18:50:07,-6.1875,106.86842,Jakarta
EV01802,D041,2026-02-15 19:17:39,-7.25704,112.72864,Surabaya
EV00309,D088,2026-02-15 19:20:28,-5.10777,119.43256,Makassar
EV02603,D087,2026-02-15 20:02:28,-6.18938,106.76601,Jakarta
EV01665,D095,2026-02-15 20:38:29,-7.2778,112.75529,Surabaya
EV01084,D055,2026-02-15 22:04:06,-5.17287,119.45651,Makassar
EV03880,D040,2026-02-15 22:08:26,-5.1691,119.42288,Makassar
EV01365,D079,2026-02-15 23:29:51,-5.16214,119.4009,Makassar
EV00207,D060,2026-02-15 23:39:24,-6.86541,107.62834,Bandung
EV00089,D059,2026-02-15 23:44:09,-7.21571,112.71577,Surabaya
EV03455,D018,2026-02-15 23:53:08,-6.18972,106.78913,Jakarta
EV01717,D039,2026-02-15 23:54:59,-5.154,119.49412,Makassar
EV00432,D023,2026-02-16 00:44:52,-7.24898,112.72847,Surabaya
EV02814,D081,2026-02-16 00:56:13,-5.158,119.49703,Makassar
EV01027,D090,2026-02-16 01:20:16,-6.89341,107.58056,Bandung
EV01730,D084,2026-02-16 02:12:32,-7.29172,112.71509,Surabaya
EV00987,D092,2026-02-16 02:20:35,-6.81596,107.62027,Bandung
EV02112,D093,2026-02-16 02:28:28,-7.22365,112.70605,Surabaya
EV00580,D028,2026-02-16 02:48:25,-5.17418,119.41378,Makassar
EV00880,D022,2026-02-16 03:31:01,3.5835,98.64532,Medan
EV03528,D030,2026-02-16 03:35:28,3.65023,98.63209,Medan
EV01077,D082,2026-02-16 04:17:08,-6.20747,106.87589,Jakarta
EV00877,D074,2026-02-16 04:42:01,-7.27479,112.73827,Surabaya
EV01841,D079,2026-02-16 04:51:01,-5.11388,119.48759,Makassar
EV02914,D070,2026-02-16 05:12:52,-7.27125,112.76324,Surabaya
EV02756,D025,2026-02-16 05:37:36,3.6039,98.60574,Medan
EV01101,D028,2026-02-16 05:55:14,-5.19112,119.45923,Makassar
EV01237,D020,2026-02-16 06:50:10,-5.16368,119.4093,Makassar
EV00112,D050,2026-02-16 07:22:55,-5.10986,119.43283,Makassar
EV03987,D005,2026-02-16 07:50:58,-6.81896,107.63074,Bandung
EV02689,D054,2026-02-16 08:36:01,-5.19485,119.43309,Makassar
EV02676,D082,2026-02-16 08:52:58,-6.18441,106.76748,Jakarta
EV02239,D037,2026-02-16 09:22:27,-5.1524,119.42886,Makassar
EV01614,D032,2026-02-16 09:41:47,-5.1337,119.47225,Makassar
EV00376,D056,2026-02-16 09:46:32,-7.29341,112.7309,Surabaya
EV01585,D091,2026-02-16 10:12:15,-6.80795,107.68406,Bandung
EV00873,D076,2026-02-16 10:18:21,3.53155,98.69103,Medan
EV00729,D074,2026-02-16 12:02:37,-7.29389,112.73325,Surabaya
EV01969,D029,2026-02-16 12:07:20,-6.87559,107.51395,Bandung
EV00124,D089,2026-02-16 12:33:57,-7.26398,112.73571,Surabaya
EV03329,D019,2026-02-16 12:49:50,-7.24781,112.77906,Surabaya
EV01464,D010,2026-02-16 13:08:25,-5.12797,119.41219,Makassar
EV02884,D012,2026-02-16 13:47:37,-6.15062,106.85787,Jakarta
EV01670,D044,2026-02-16 15:11:58,-6.16916,106.72962,Jakarta
EV01953,D056,2026-02-16 16:07:35,-7.20204,112.78286,Surabaya
EV00003,D092,2026-02-16 16:30:57,-6.81118,107.69514,Bandung
EV00212,D014,2026-02-16 16:56:13,-7.25355,112.75385,Surabaya
EV02259,D089,2026-02-16 17:23:46,-7.27889,112.72182,Surabaya
EV00572,D065,2026-02-16 18:13:19,-7.23586,112.79615,Surabaya
EV02816,D038,2026-02-16 19:44:06,-6.85551,107.56996,Bandung
EV03650,D013,2026-02-16 20:34:35,-6.10992,106.75774,Jakarta
EV00709,D064,2026-02-16 21:40:00,-5.12458,119.41016,Makassar
EV03502,D064,2026-02-16 22:21:37,-5.18881,119.40139,Makassar
EV03731,D040,2026-02-16 22:41:45,-5.18662,119.45085,Makassar
EV03321,D051,2026-02-16 23:29:26,-6.14611,106.88491,Jakarta
EV02111,D010,2026-02-16 23:36:32,-5.13199,119.40549,Makassar
EV01641,D034,2026-02-17 01:41:06,3.65474,98.67035,Medan
EV03268,D006,2026-02-17 02:09:11,-7.26677,112.79374,Surabaya
EV01047,D078,2026-02-17 02:15:27,-6.10989,106.72089,Jakarta
EV03571,D003,2026-02-17 02:15:42,-6.23981,106.80789,Jakarta
EV03467,D047,2026-02-17 02:36:12,-6.80815,107.63111,Bandung
EV00097,D023,2026-02-17 02:47:54,-7.20698,112.74039,Surabaya
EV02667,D063,2026-02-17 03:08:21,-6.80518,107.67518,Bandung
EV02350,D024,2026-02-17 03:10:48,3.52037,98.68689,Medan
EV00818,D077,2026-02-17 03:30:39,-6.29422,106.74015,Jakarta
EV00071,D037,2026-02-17 04:15:45,-5.14238,119.40409,Makassar
EV02967,D080,2026-02-17 04:27:40,-7.25781,112.7851,Surabaya
EV01736,D037,2026-02-17 04:59:49,-5.12832,119.44827,Makassar
EV02640,D022,2026-02-17 05:18:45,3.55091,98.64869,Medan
EV00837,D046,2026-02-17 05:46:00,-5.10867,119.44566,Makassar
EV02039,D047,2026-02-17 05:54:29,-6.88834,107.54834,Bandung
EV01500,D006,2026-02-17 06:35:40,-7.24435,112.7324,Surabaya
EV02469,D002,2026-02-17 06:37:26,-6.82253,107.51492,Bandung
EV02415,D026,2026-02-17 08:40:35,-6.83042,107.67406,Bandung
EV00895,D062,2026-02-17 08:46:42,3.5247,98.64894,Medan
EV02057,D022,2026-02-17 09:25:04,3.50275,98.65142,Medan
EV00927,D004,2026-02-17 10:09:24,-7.2295,112.77588,Surabaya
EV00396,D047,2026-02-17 10:36:43,-6.8257,107.63751,Bandung
EV02791,D003,2026-02-17 11:02:23,-6.12066,106.81557,Jakarta
EV02651,D042,2026-02-17 11:55:07,-6.88251,107.54473,Bandung
EV03986,D089,2026-02-17 12:45:21,-7.29453,112.78659,Surabaya
EV01386,D089,2026-02-17 12:54:31,-7.21148,112.79707,Surabaya
EV00603,D022,2026-02-17 13:50:51,3.66239,98.6072,Medan
EV02994,D068,2026-02-17 15:07:51,-6.84069,107.62337,Bandung
EV01752,D001,2026-02-17 15:16:53,-7.27749,112.73946,Surabaya
EV01129,D039,2026-02-17 15:39:26,-5.18506,119.40701,Makassar
EV01746,D033,2026-02-17 15:48:28,-5.17496,119.49419,Makassar
EV03869,D027,2026-02-17 16:36:16,-6.8761,107.56751,Bandung
EV01510,D024,2026-02-17 16:44:40,3.65812,98.67911,Medan
EV02810,D035,2026-02-17 18:01:20,3.66622,98.63714,Medan
EV01317,D050,2026-02-17 18:42:27,-5.16351,119.43807,Makassar
EV02650,D077,2026-02-17 19:06:53,-6.15055,106.78568,Jakarta
EV01877,D043,2026-02-17 19:16:06,-6.12494,106.70437,Jakarta
EV00073,D060,2026-02-17 19:29:30,-6.89577,107.61252,Bandung
EV00986,D008,2026-02-17 19:29:37,-6.25505,106.75836,Jakarta
EV01827,D066,2026-02-17 19:51:16,-6.86524,107.69097,Bandung
EV00030,D051,2026-02-17 20:07:50,-6.28407,106.87114,Jakarta
EV00099,D089,2026-02-17 20:20:44,-7.23723,112.78917,Surabaya
EV00759,D043,2026-02-17 20:35:30,-6.12726,106.87218,Jakarta
EV02142,D049,2026-02-17 21:48:10,3.68801,98.63911,Medan
EV02556,D063,2026-02-17 22:37:28,-6.89881,107.65477,Bandung
EV01821,D044,2026-02-17 22:44:38,-6.25054,106.779,Jakarta
EV01233,D053,2026-02-17 23:09:36,3.63337,98.67017,Medan
EV01808,D083,2026-02-18 00:17:48,3.5492,98.60567,Medan
EV01507,D015,2026-02-18 00:24:29,3.67848,98.68358,Medan
EV03221,D043,2026-02-18 00:25:15,-6.29079,106.89141,Jakarta
EV03680,D062,2026-02-18 00:45:35,3.68182,98.64371,Medan
EV03509,D060,2026-02-18 00:49:00,-6.88014,107.67755,Bandung
EV00750,D004,2026-02-18 01:42:40,-7.29248,112.78645,Surabaya
EV02172,D005,2026-02-18 01:59:51,-6.82087,107.59951,Bandung
EV03461,D035,2026-02-18 03:30:42,3.62777,98.60621,Medan
EV01053,D033,2026-02-18 04:01:04,-5.11469,119.47949,Makassar
EV02630,D095,2026-02-18 04:54:47,-7.22495,112.76888,Surabaya
EV00158,D027,2026-02-18 05:40:12,-6.87831,107.69154,Bandung
EV01401,D036,2026-02-18 06:30:36,-6.27834,106.86161,Jakarta
EV00703,D025,2026-02-18 07:10:18,3.68288,98.69068,Medan
EV02234,D012,2026-02-18 07:40:26,-6.27477,106.74495,Jakarta
EV00275,D086,2026-02-18 10:53:11,-5.16986,119.42244,Makassar
EV00930,D043,2026-02-18 11:10:29,-6.29177,106.89669,Jakarta
EV00921,D062,2026-02-18 11:11:39,3.63366,98.60581,Medan
EV02361,D082,2026-02-18 12:37:47,-6.1877,106.84933,Jakarta
EV02431,D067,2026-02-18 13:06:03,-5.1964,119.4934,Makassar
EV02338,D075,2026-02-18 13:22:09,-7.24244,112.76141,Surabaya
EV00370,D030,2026-02-18 13:46:53,3.67766,98.62687,Medan
EV01962,D080,2026-02-18 13:50:59,-7.26661,112.75417,Surabaya
EV03784,D004,2026-02-18 14:01:06,-7.20164,112.77542,Surabaya
EV03098,D056,2026-02-18 14:35:54,-7.24543,112.73912,Surabaya
EV02183,D054,2026-02-18 16:24:32,-5.10087,119.42979,Makassar
EV03252,D046,2026-02-18 16:27:39,-5.17425,119.42708,Makassar
EV00086,D039,2026-02-18 16:57:08,-5.18029,119.44144,Makassar
EV01245,D005,2026-02-18 17:11:03,-6.85473,107.66844,Bandung
EV02201,D037,2026-02-18 18:26:32,-5.1699,119.4632,Makassar
EV02060,D068,2026-02-18 18:31:17,-6.86987,107.56956,Bandung
EV00707,D021,2026-02-18 20:57:47,3.55577,98.64052,Medan
EV01879,D051,2026-02-18 21:57:12,-6.27293,106.86335,Jakarta
EV01151,D049,2026-02-18 22:14:45,3.63999,98.69422,Medan
EV01862,D040,2026-02-18 22:37:45,-5.10629,119.49357,Makassar
EV01073,D009,2026-02-19 01:16:26,3.62489,98.67776,Medan
EV03626,D063,2026-02-19 01:19:18,-6.80916,107.68075,Bandung
EV01202,D080,2026-02-19 01:19:58,-7.27718,112.71774,Surabaya
EV03652,D007,2026-02-19 01:33:34,-5.17941,119.49215,Makassar
EV03224,D079,2026-02-19 02:02:30,-5.14025,119.42905,Makassar
EV01206,D020,2026-02-19 02:04:17,-5.18302,119.48712,Makassar
EV01435,D046,2026-02-19 02:05:17,-5.18233,119.44441,Makassar
EV02037,D010,2026-02-19 02:13:56,-5.10653,119.48909,Makassar
EV03991,D049,2026-02-19 03:07:16,3.60002,98.69416,Medan
EV02395,D028,2026-02-19 04:00:53,-5.11885,119.47801,Makassar
EV00076,D007,2026-02-19 04:09:00,-5.10321,119.46841,Makassar
EV03318,D085,2026-02-19 04:13:13,3.59941,98.67356,Medan
EV02755,D013,2026-02-19 04:18:43,-6.24065,106.8201,Jakarta
EV01176,D067,2026-02-19 04:31:20,-5.17167,119.47818,Makassar
EV00634,D034,2026-02-19 04:36:04,3.57008,98.67841,Medan
EV03335,D021,2026-02-19 04:54:38,3.62634,98.67538,Medan
EV00146,D076,2026-02-19 05:03:12,3.60892,98.64608,Medan
EV02000,D095,2026-02-19 05:14:09,-7.23334,112.72381,Surabaya
EV03175,D042,2026-02-19 06:00:39,-6.81641,107.60825,Bandung
EV01564,D017,2026-02-19 06:09:30,-5.15368,119.44355,Makassar
EV00489,D059,2026-02-19 06:11:47,-7.22964,112.71328,Surabaya
EV03090,D040,2026-02-19 06:31:06,-5.10074,119.49577,Makassar
EV02516,D005,2026-02-19 06:42:48,-6.83387,107.62111,Bandung
EV02745,D079,2026-02-19 06:45:11,-5.16912,119.46779,Makassar
EV02845,D002,2026-02-19 07:52:48,-6.87139,107.62023,Bandung
EV03901,D001,2026-02-19 07:58:38,-7.27932,112.75611,Surabaya
EV02553,D066,2026-02-19 08:01:32,-6.89718,107.52733,Bandung
EV01375,D033,2026-02-19 08:45:43,-5.18778,119.49299,Makassar
EV01345,D015,2026-02-19 09:00:06,3.69031,98.68366,Medan
EV03243,D010,2026-02-19 10:22:17,-5.18973,119.43103,Makassar
EV01342,D014,2026-02-19 11:26:22,-7.22266,112.79064,Surabaya
EV03776,D026,2026-02-19 11:35:29,-6.83038,107.50241,Bandung
EV00096,D029,2026-02-19 11:52:38,-6.84116,107.57599,Bandung
EV00689,D052,2026-02-19 12:12:00,-7.23209,112.76261,Surabaya
EV03737,D088,2026-02-19 12:24:36,-5.17057,119.46254,Makassar
EV01535,D092,2026-02-19 12:35:35,-6.8759,107.52851,Bandung
EV03374,D005,2026-02-19 13:12:26,-6.80635,107.62562,Bandung
EV00676,D052,2026-02-19 15:17:28,-7.25767,112.75974,Surabaya
EV00196,D084,2026-02-19 15:29:17,-7.21262,112.72168,Surabaya
EV03937,D030,2026-02-19 15:30:45,3.66821,98.62714,Medan
EV03128,D038,2026-02-19 15:44:17,-6.81685,107.69421,Bandung
EV03031,D036,2026-02-19 17:06:24,-6.20964,106.7325,Jakarta
EV03176,D059,2026-02-19 17:13:49,-7.28933,112.75987,Surabaya
EV00234,D088,2026-02-19 17:29:32,-5.18903,119.48497,Makassar
EV02383,D057,2026-02-19 17:32:05,-5.10504,119.4695,Makassar
EV02341,D021,2026-02-19 17:33:46,3.61429,98.62967,Medan
EV03604,D005,2026-02-19 18:19:17,-6.87129,107.57074,Bandung
EV02757,D071,2026-02-19 18:52:37,-6.85893,107.52495,Bandung
EV00613,D001,2026-02-19 19:15:27,-7.29446,112.79409,Surabaya
EV03104,D029,2026-02-19 19:31:59,-6.80718,107.60135,Bandung
EV01868,D012,2026-02-19 20:08:33,-6.11044,106.88967,Jakarta
EV01431,D083,2026-02-19 20:52:04,3.55089,98.68734,Medan
EV01814,D091,2026-02-19 21:34:53,-6.81646,107.60426,Bandung
EV01848,D041,2026-02-19 23:37:45,-7.26095,112.79993,Surabaya
EV02998,D028,2026-02-20 00:29:01,-5.1801,119.42771,Makassar
EV00918,D014,2026-02-20 00:43:45,-7.29647,112.78188,Surabaya
EV03556,D009,2026-02-20 00:52:24,3.55096,98.60393,Medan
EV03341,D026,2026-02-20 00:57:17,-6.84194,107.50605,Bandung
EV00908,D094,2026-02-20 01:17:18,-5.1218,119.46595,Makassar
EV02492,D027,2026-02-20 01:22:27,-6.81386,107.57916,Bandung
EV02014,D010,2026-02-20 02:37:21,-5.10309,119.47625,Makassar
EV01662,D056,2026-02-20 02:46:15,-7.22972,112.77995,Surabaya
EV00161,D042,2026-02-20 02:58:03,-6.85327,107.58659,Bandung
EV03173,D045,2026-02-20 03:12:51,-7.20206,112.76001,Surabaya
EV03187,D023,2026-02-20 04:16:21,-7.29651,112.71893,Surabaya
EV00940,D037,2026-02-20 04:17:57,-5.16404,119.45562,Makassar
EV02835,D016,2026-02-20 05:26:25,-7.24248,112.73327,Surabaya
EV01045,D079,2026-02-20 05:34:32,-5.17036,119.43836,Makassar
EV02585,D054,2026-02-20 06:08:55,-5.10431,119.47702,Makassar
EV01793,D024,2026-02-20 06:13:48,3.5511,98.69301,Medan
EV03347,D061,2026-02-20 06:13:55,-6.87527,107.55555,Bandung
EV00436,D069,2026-02-20 06:39:29,-7.27409,112.79074,Surabaya
EV02672,D032,2026-02-20 06:45:55,-5.14976,119.40951,Makassar
EV00303,D090,2026-02-20 07:00:37,-6.83732,107.65644,Bandung
EV01443,D056,2026-02-20 07:28:09,-7.27704,112.71644,Surabaya
EV01154,D030,2026-02-20 07:35:36,3.6819,98.68192,Medan
EV03312,D049,2026-02-20 08:30:47,3.66757,98.65353,Medan
EV00194,D012,2026-02-20 09:40:49,-6.28155,106.71502,Jakarta
EV03315,D040,2026-02-20 10:23:25,-5.15588,119.44618,Makassar
EV02197,D039,2026-02-20 10:28:09,-5.11677,119.42499,Makassar
EV00377,D042,2026-02-20 10:59:55,-6.80676,107.5896,Bandung
EV00199,D031,2026-02-20 11:16:30,3.53934,98.63692,Medan
EV02853,D026,2026-02-20 12:33:23,-6.87402,107.52274,Bandung
EV01417,D092,2026-02-20 12:52:07,-6.80722,107.67963,Bandung
EV01303,D095,2026-02-20 14:19:41,-7.20846,112.77497,Surabaya
EV01534,D014,2026-02-20 14:38:47,-7.24103,112.75712,Surabaya
EV00724,D058,2026-02-20 14:41:18,-5.1505,119.48143,Makassar
EV00939,D043,2026-02-20 15:27:20,-6.13091,106.82176,Jakarta
EV03596,D001,2026-02-20 16:11:51,-7.29725,112.73574,Surabaya
EV01960,D062,2026-02-20 16:44:40,3.68644,98.67833,Medan
EV03222,D028,2026-02-20 18:01:51,-5.1433,119.43894,Makassar
EV02206,D062,2026-02-20 18:08:36,3.64816,98.62909,Medan
EV00860,D044,2026-02-20 18:50:55,-6.29036,106.84271,Jakarta
EV01653,D082,2026-02-20 19:35:51,-6.2761,106.76188,Jakarta
EV00821,D032,2026-02-20 20:01:20,-5.10195,119.47909,Makassar
EV01572,D070,2026-02-20 20:17:06,-7.29199,112.72294,Surabaya
EV00700,D062,2026-02-20 20:49:26,3.50933,98.64973,Medan
EV01468,D013,2026-02-20 20:49:47,-6.23993,106.75846,Jakarta
EV02212,D088,2026-02-20 20:59:40,-5.12133,119.47775,Makassar
EV03504,D095,2026-02-20 21:00:46,-7.29002,112.73495,Surabaya
EV03628,D036,2026-02-20 21:15:20,-6.10578,106.77569,Jakarta
EV03288,D078,2026-02-20 22:38:06,-6.19805,106.76699,Jakarta
EV03945,D090,2026-02-20 22:51:57,-6.8573,107.62559,Bandung
EV00623,D015,2026-02-20 22:57:49,3.66768,98.6886,Medan
EV02712,D077,2026-02-20 23:01:51,-6.18773,106.79138,Jakarta
EV02036,D028,2026-02-21 00:09:24,-5.13594,119.41164,Makassar
EV01663,D059,2026-02-21 01:01:28,-7.23132,112.70455,Surabaya
EV01148,D050,2026-02-21 01:04:32,-5.10034,119.41491,Makassar
EV01408,D031,2026-02-21 01:26:41,3.69726,98.6241,Medan
EV01273,D037,2026-02-21 01:46:10,-5.19374,119.44994,Makassar
EV02297,D023,2026-02-21 02:29:27,-7.25353,112.75852,Surabaya
EV00564,D051,2026-02-21 05:09:14,-6.28277,106.89846,Jakarta
EV03978,D043,2026-02-21 05:19:01,-6.23187,106.89846,Jakarta
EV01382,D006,2026-02-21 06:01:07,-7.21898,112.73996,Surabaya
EV01673,D026,2026-02-21 06:22:57,-6.80243,107.64073,Bandung
EV01110,D018,2026-02-21 06:45:42,-6.27371,106.70946,Jakarta
EV02169,D038,2026-02-21 08:31:16,-6.88793,107.61382,Bandung
EV03232,D040,2026-02-21 09:50:27,-5.10098,119.40899,Makassar
EV03743,D050,2026-02-21 12:08:36,-5.12669,119.42122,Makassar
EV03213,D066,2026-02-21 12:16:22,-6.8495,107.69427,Bandung
EV03739,D080,2026-02-21 12:34:50,-7.29825,112.71502,Surabaya
EV00559,D027,2026-02-21 12:41:24,-6.82445,107.6525,Bandung
EV00244,D094,2026-02-21 12:41:28,-5.12293,119.42037,Makassar
EV00765,D029,2026-02-21 12:46:50,-6.8795,107.60742,Bandung
EV02709,D013,2026-02-21 14:00:30,-6.17967,106.80993,Jakarta
EV01887,D064,2026-02-21 14:39:28,-5.11795,119.49778,Makassar
EV02775,D006,2026-02-21 15:01:39,-7.23529,112.71085,Surabaya
EV03824,D046,2026-02-21 15:16:06,-5.11787,119.4044,Makassar
EV00316,D065,2026-02-21 15:31:02,-7.28521,112.76727,Surabaya
EV02216,D094,2026-02-21 15:38:39,-5.16397,119.44851,Makassar
EV03320,D052,2026-02-21 18:18:46,-7.20898,112.79126,Surabaya
EV03592,D006,2026-02-21 18:38:45,-7.28845,112.74078,Surabaya
EV02009,D057,2026-02-21 19:35:40,-5.11917,119.46952,Makassar
EV00630,D065,2026-02-21 20:33:57,-7.2418,112.71147,Surabaya
EV02295,D079,2026-02-21 21:24:11,-5.12749,119.46002,Makassar
EV03798,D018,2026-02-21 21:35:38,-6.14226,106.75203,Jakarta
EV01452,D078,2026-02-21 21:43:12,-6.26313,106.85479,Jakarta
EV00043,D072,2026-02-21 22:02:54,-5.1837,119.46181,Makassar
EV01050,D013,2026-02-21 22:05:29,-6.24114,106.86389,Jakarta
EV01481,D006,2026-02-21 22:15:39,-7.26614,112.72973,Surabaya
EV02310,D007,2026-02-21 23:14:16,-5.13658,119.41688,Makassar
EV01000,D094,2026-02-22 00:01:03,-5.12796,119.45535,Makassar
EV02145,D003,2026-02-22 00:50:53,-6.26941,106.89789,Jakarta
EV03323,D001,2026-02-22 01:00:15,-7.28396,112.72324,Surabaya
EV02187,D001,2026-02-22 01:32:45,-7.27445,112.70402,Surabaya
EV01043,D092,2026-02-22 01:52:20,-6.86505,107.58393,Bandung
EV01869,D043,2026-02-22 02:06:33,-6.12673,106.78375,Jakarta
EV01788,D043,2026-02-22 02:11:06,-6.27884,106.70037,Jakarta
EV03119,D023,2026-02-22 02:19:08,-7.25681,112.72499,Surabaya
EV02290,D068,2026-02-22 02:19:15,-6.88902,107.60148,Bandung
EV01750,D077,2026-02-22 02:36:14,-6.28112,106.82617,Jakarta
EV01907,D024,2026-02-22 03:34:48,3.5126,98.65799,Medan
EV01837,D027,2026-02-22 03:47:44,-6.84912,107.50456,Bandung
EV02985,D084,2026-02-22 04:34:29,-7.2433,112.71673,Surabaya
EV03146,D044,2026-02-22 04:38:57,-6.16413,106.84819,Jakarta
EV01324,D051,2026-02-22 04:55:47,-6.25897,106.78675,Jakarta
EV02061,D041,2026-02-22 04:56:07,-7.27119,112.76867,Surabaya
EV01935,D016,2026-02-22 06:54:39,-7.24742,112.72784,Surabaya
EV00019,D007,2026-02-22 08:14:21,-5.16413,119.4293,Makassar
EV02369,D043,2026-02-22 09:29:03,-6.13275,106.80909,Jakarta
EV02721,D071,2026-02-22 10:39:23,-6.81789,107.645,Bandung
EV01823,D057,2026-02-22 12:52:20,-5.10382,119.44474,Makassar
EV02281,D091,2026-02-22 13:17:41,-6.80993,107.61566,Bandung
EV02221,D020,2026-02-22 13:18:36,-5.18433,119.42461,Makassar
EV01625,D043,2026-02-22 14:51:48,-6.18573,106.85921,Jakarta
EV02924,D055,2026-02-22 15:12:26,-5.10217,119.41697,Makassar
EV00697,D061,2026-02-22 15:40:11,-6.88343,107.53,Bandung
EV01456,D095,2026-02-22 15:55:53,-7.20753,112.79821,Surabaya
EV02070,D046,2026-02-22 16:30:33,-5.18226,119.43807,Makassar
EV03766,D043,2026-02-22 17:02:49,-6.29098,106.89505,Jakarta
EV01225,D013,2026-02-22 17:43:54,-6.14805,106.72256,Jakarta
EV02804,D047,2026-02-22 18:01:32,-6.85822,107.60765,Bandung
EV00313,D091,2026-02-22 18:08:41,-6.84506,107.68103,Bandung
EV03675,D033,2026-02-22 18:44:52,-5.12127,119.41943,Makassar
EV01448,D070,2026-02-22 18:46:38,-7.21716,112.7167,Surabaya
EV02230,D045,2026-02-22 18:48:18,-7.29234,112.77533,Surabaya
EV01466,D076,2026-02-22 19:06:13,3.53463,98.65615,Medan
EV00981,D070,2026-02-22 19:10:15,-7.27863,112.73745,Surabaya
EV02560,D060,2026-02-22 19:13:54,-6.85095,107.6404,Bandung
EV01894,D094,2026-02-22 19:16:58,-5.14898,119.43086,Makassar
EV02960,D077,2026-02-22 19:40:13,-6.12366,106.87304,Jakarta
EV01251,D050,2026-02-22 19:45:35,-5.15315,119.4909,Makassar
EV01979,D059,2026-02-22 19:47:31,-7.26831,112.76775,Surabaya
EV01185,D057,2026-02-22 20:14:13,-5.12524,119.46383,Makassar
EV02400,D015,2026-02-22 21:59:16,3.63984,98.6504,Medan
EV03145,D077,2026-02-22 22:25:59,-6.12858,106.89947,Jakarta
EV00204,D036,2026-02-22 22:48:01,-6.24358,106.75941,Jakarta
EV01660,D023,2026-02-22 22:59:26,-7.20178,112.71729,Surabaya
EV02147,D055,2026-02-22 23:26:36,-5.11088,119.46611,Makassar
EV00516,D041,2026-02-22 23:56:09,-7.29498,112.72243,Surabaya
EV03325,D082,2026-02-23 01:33:07,-6.22906,106.89945,Jakarta
EV02134,D004,2026-02-23 02:37:15,-7.2802,112.7952,Surabaya
EV02550,D042,2026-02-23 03:33:58,-6.85948,107.68919,Bandung
EV00480,D063,2026-02-23 03:55:42,-6.86063,107.54039,Bandung
EV02463,D036,2026-02-23 04:06:08,-6.2192,106.84774,Jakarta
EV03935,D084,2026-02-23 04:11:59,-7.24568,112.71697,Surabaya
EV03823,D085,2026-02-23 04:12:40,3.51467,98.67258,Medan
EV02825,D079,2026-02-23 04:12:41,-5.14591,119.46729,Makassar
EV01648,D084,2026-02-23 04:38:02,-7.24901,112.7789,Surabaya
EV00889,D032,2026-02-23 04:38:04,-5.14228,119.44364,Makassar
EV00246,D073,2026-02-23 05:29:26,-6.16591,106.82949,Jakarta
EV02561,D041,2026-02-23 06:00:21,-7.26992,112.71497,Surabaya
EV02356,D082,2026-02-23 08:00:52,-6.2605,106.87902,Jakarta
EV00105,D047,2026-02-23 08:58:07,-6.85345,107.63788,Bandung
EV03828,D089,2026-02-23 09:10:55,-7.25998,112.73399,Surabaya
EV01668,D090,2026-02-23 11:16:12,-6.88097,107.69436,Bandung
EV00304,D046,2026-02-23 11:28:39,-5.19036,119.40702,Makassar
EV00935,D079,2026-02-23 11:30:48,-5.11891,119.49357,Makassar
EV02831,D015,2026-02-23 11:40:49,3.60372,98.65292,Medan
EV00967,D080,2026-02-23 12:42:47,-7.22118,112.74229,Surabaya
EV01569,D004,2026-02-23 13:45:03,-7.23774,112.73529,Surabaya
EV01482,D077,2026-02-23 13:48:28,-6.19382,106.88739,Jakarta
EV02030,D079,2026-02-23 13:51:22,-5.14738,119.44043,Makassar
EV02161,D007,2026-02-23 14:06:57,-5.14846,119.42613,Makassar
EV03722,D012,2026-02-23 14:09:29,-6.23853,106.81619,Jakarta
EV02494,D072,2026-02-23 14:11:25,-5.10443,119.46341,Makassar
EV01062,D094,2026-02-23 14:37:27,-5.11984,119.41857,Makassar
EV01266,D049,2026-02-23 15:36:07,3.58114,98.61078,Medan
EV02591,D053,2026-02-23 15:41:14,3.65421,98.68043,Medan
EV00104,D061,2026-02-23 15:47:48,-6.88485,107.64083,Bandung
EV00330,D085,2026-02-23 16:11:32,3.60761,98.63857,Medan
EV03861,D034,2026-02-23 16:13:45,3.6384,98.66099,Medan
EV03273,D086,2026-02-23 16:30:33,-5.17351,119.45339,Makassar
EV01055,D076,2026-02-23 16:34:49,3.55084,98.63529,Medan
EV01007,D087,2026-02-23 17:06:49,-6.13209,106.84426,Jakarta
EV00648,D082,2026-02-23 17:20:14,-6.12879,106.75877,Jakarta
EV03682,D029,2026-02-23 17:41:06,-6.89261,107.61554,Bandung
EV03866,D030,2026-02-23 17:45:29,3.51875,98.69189,Medan
EV00568,D042,2026-02-23 20:00:15,-6.8804,107.6153,Bandung
EV01678,D048,2026-02-23 20:15:57,-5.15881,119.44451,Makassar
EV03492,D091,2026-02-23 20:30:38,-6.82072,107.66568,Bandung
EV02724,D063,2026-02-23 21:02:54,-6.89229,107.65385,Bandung
EV00589,D026,2026-02-23 21:43:42,-6.87802,107.57892,Bandung
EV00612,D082,2026-02-23 22:10:02,-6.20024,106.8615,Jakarta
EV02566,D032,2026-02-23 23:41:07,-5.11701,119.48281,Makassar
EV02280,D012,2026-02-24 00:12:47,-6.26346,106.89384,Jakarta
EV02872,D042,2026-02-24 00:48:45,-6.88767,107.63331,Bandung
EV01450,D026,2026-02-24 01:01:53,-6.84038,107.5393,Bandung
EV03285,D027,2026-02-24 01:33:10,-6.89067,107.51499,Bandung
EV00368,D044,2026-02-24 02:53:11,-6.14932,106.79333,Jakarta
EV03529,D089,2026-02-24 04:07:39,-7.27533,112.76246,Surabaya
EV02286,D012,2026-02-24 04:08:20,-6.12688,106.79785,Jakarta
EV00347,D027,2026-02-24 04:28:34,-6.8991,107.54736,Bandung
EV00691,D024,2026-02-24 04:40:51,3.63564,98.61963,Medan
EV00450,D091,2026-02-24 07:43:28,-6.84567,107.57286,Bandung
EV00302,D004,2026-02-24 07:50:50,-7.20071,112.70556,Surabaya
EV03791,D030,2026-02-24 08:44:54,3.69085,98.62391,Medan
EV02105,D018,2026-02-24 08:46:28,-6.28074,106.70097,Jakarta
EV02096,D008,2026-02-24 10:07:17,-6.15712,106.87035,Jakarta
EV02827,D018,2026-02-24 11:28:55,-6.24631,106.75236,Jakarta
EV01571,D093,2026-02-24 11:33:07,-7.23918,112.71286,Surabaya
EV03757,D069,2026-02-24 11:55:37,-7.27983,112.76784,Surabaya
EV03948,D092,2026-02-24 12:18:19,-6.8033,107.55847,Bandung
EV02102,D056,2026-02-24 12:35:36,-7.23361,112.70754,Surabaya
EV01590,D075,2026-02-24 12:36:21,-7.25005,112.7233,Surabaya
EV03836,D031,2026-02-24 13:16:24,3.65615,98.62005,Medan
EV02871,D085,2026-02-24 13:20:11,3.64074,98.6705,Medan
EV03907,D025,2026-02-24 13:25:47,3.57089,98.65363,Medan
EV01642,D045,2026-02-24 13:47:08,-7.22631,112.73491,Surabaya
EV03811,D054,2026-02-24 14:29:05,-5.13308,119.46028,Makassar
EV01967,D050,2026-02-24 15:30:19,-5.14791,119.49305,Makassar
EV03594,D039,2026-02-24 15:54:53,-5.13736,119.48799,Makassar
EV03200,D079,2026-02-24 16:22:52,-5.1501,119.42533,Makassar
EV00069,D032,2026-02-24 16:41:09,-5.17774,119.40355,Makassar
EV00542,D047,2026-02-24 17:01:38,-6.8187,107.53585,Bandung
EV03061,D024,2026-02-24 18:03:24,3.60317,98.61418,Medan
EV01613,D051,2026-02-24 18:15:28,-6.22457,106.71623,Jakarta
EV00387,D039,2026-02-24 22:00:31,-5.13771,119.42764,Makassar
EV00054,D018,2026-02-24 22:06:06,-6.22656,106.80303,Jakarta
EV01230,D089,2026-02-24 22:24:59,-7.22739,112.70629,Surabaya
EV02675,D084,2026-02-24 23:03:02,-7.23644,112.70619,Surabaya
EV00108,D011,2026-02-24 23:42:14,-6.86943,107.67646,Bandung
EV02774,D072,2026-02-24 23:46:17,-5.15817,119.41521,Makassar
EV03211,D034,2026-02-24 23:56:19,3.60001,98.69578,Medan
EV02598,D062,2026-02-25 00:02:51,3.64334,98.69541,Medan
EV01981,D066,2026-02-25 00:06:20,-6.84244,107.53193,Bandung
EV03942,D003,2026-02-25 00:16:06,-6.27291,106.81882,Jakarta
EV00979,D095,2026-02-25 01:18:30,-7.22067,112.74997,Surabaya
EV00607,D092,2026-02-25 01:25:08,-6.81178,107.6077,Bandung
EV03218,D008,2026-02-25 02:15:58,-6.13788,106.73507,Jakarta
EV00180,D004,2026-02-25 02:54:04,-7.20731,112.72112,Surabaya
EV00754,D006,2026-02-25 03:45:31,-7.29952,112.77762,Surabaya
EV00262,D043,2026-02-25 04:20:34,-6.13476,106.80477,Jakarta
EV00208,D095,2026-02-25 04:23:57,-7.24172,112.71428,Surabaya
EV00009,D026,2026-02-25 04:51:06,-6.82004,107.58631,Bandung
EV01965,D034,2026-02-25 05:19:48,3.51109,98.68994,Medan
EV01522,D074,2026-02-25 05:25:51,-7.24126,112.76348,Surabaya
EV02526,D066,2026-02-25 06:20:00,-6.85474,107.69757,Bandung
EV01783,D048,2026-02-25 06:25:50,-5.14658,119.41566,Makassar
EV02051,D035,2026-02-25 06:28:47,3.68981,98.63395,Medan
EV01445,D056,2026-02-25 06:47:59,-7.28667,112.71546,Surabaya
EV00843,D003,2026-02-25 07:01:51,-6.15436,106.82461,Jakarta
EV01064,D083,2026-02-25 07:32:09,3.60101,98.62542,Medan
EV00701,D027,2026-02-25 07:42:38,-6.89225,107.64789,Bandung
EV03782,D017,2026-02-25 08:10:48,-5.17517,119.43515,Makassar
EV02685,D039,2026-02-25 08:11:08,-5.19537,119.49856,Makassar
EV02141,D069,2026-02-25 08:26:27,-7.27909,112.78133,Surabaya
EV02029,D019,2026-02-25 08:29:57,-7.22193,112.73766,Surabaya
EV00238,D005,2026-02-25 08:38:50,-6.81806,107.50202,Bandung
EV03659,D090,2026-02-25 08:53:03,-6.82631,107.651,Bandung
EV00135,D033,2026-02-25 09:08:14,-5.11441,119.42999,Makassar
EV02641,D035,2026-02-25 09:10:02,3.63416,98.6234,Medan
EV02408,D008,2026-02-25 09:30:13,-6.24589,106.76667,Jakarta
EV03343,D070,2026-02-25 10:13:07,-7.28402,112.74537,Surabaya
EV01279,D038,2026-02-25 10:18:44,-6.85732,107.64033,Bandung
EV01629,D091,2026-02-25 10:44:07,-6.86049,107.52119,Bandung
EV03401,D063,2026-02-25 10:58:28,-6.85682,107.59369,Bandung
EV02716,D056,2026-02-25 11:38:00,-7.21131,112.72604,Surabaya
EV01372,D048,2026-02-25 11:48:05,-5.15735,119.40735,Makassar
EV03249,D032,2026-02-25 12:13:29,-5.11346,119.41594,Makassar
EV01367,D015,2026-02-25 12:31:34,3.65952,98.6143,Medan
EV02267,D026,2026-02-25 12:49:25,-6.87352,107.65383,Bandung
EV01908,D073,2026-02-25 13:16:11,-6.21042,106.72076,Jakarta
EV00621,D063,2026-02-25 14:10:35,-6.81187,107.5112,Bandung
EV03632,D009,2026-02-25 14:57:46,3.54349,98.67318,Medan
EV02839,D053,2026-02-25 15:10:07,3.60048,98.62371,Medan
EV02802,D022,2026-02-25 17:10:16,3.64785,98.60228,Medan
EV02659,D020,2026-02-25 17:12:06,-5.16909,119.48248,Makassar
EV03641,D020,2026-02-25 18:24:08,-5.19596,119.46454,Makassar
EV02363,D003,2026-02-25 19:27:38,-6.28145,106.71719,Jakarta
EV02725,D026,2026-02-25 19:34:52,-6.83174,107.69011,Bandung
EV01652,D053,2026-02-25 20:16:29,3.69055,98.63506,Medan
EV03346,D031,2026-02-25 20:55:07,3.50359,98.65566,Medan
EV01936,D009,2026-02-25 21:23:48,3.55125,98.67787,Medan
EV03621,D045,2026-02-25 22:23:27,-7.2633,112.78212,Surabaya
EV02498,D049,2026-02-25 22:41:02,3.5916,98.63586,Medan
EV03941,D033,2026-02-25 23:02:33,-5.1668,119.46621,Makassar
EV00171,D086,2026-02-25 23:16:22,-5.12497,119.43333,Makassar
EV01117,D045,2026-02-25 23:18:04,-7.2026,112.761,Surabaya
EV02021,D058,2026-02-25 23:35:06,-5.18165,119.48811,Makassar
EV01470,D068,2026-02-26 00:58:01,-6.825,107.64721,Bandung
EV00796,D016,2026-02-26 01:35:13,-7.23041,112.79014,Surabaya
EV00718,D022,2026-02-26 02:50:14,3.50827,98.61009,Medan
EV01845,D010,2026-02-26 03:22:30,-5.15188,119.45796,Makassar
EV03671,D052,2026-02-26 04:04:48,-7.21975,112.76514,Surabaya
EV00175,D016,2026-02-26 05:03:30,-7.2798,112.75008,Surabaya
EV01414,D036,2026-02-26 05:06:42,-6.10554,106.7244,Jakarta
EV02171,D076,2026-02-26 05:54:47,3.61511,98.65409,Medan
EV02769,D077,2026-02-26 06:31:12,-6.14882,106.71436,Jakarta
EV00390,D025,2026-02-26 06:48:44,3.55747,98.6713,Medan
EV01465,D008,2026-02-26 07:06:42,-6.14769,106.78058,Jakarta
EV01753,D012,2026-02-26 07:08:03,-6.13327,106.87849,Jakarta
EV03674,D067,2026-02-26 08:33:38,-5.13465,119.4413,Makassar
EV02139,D093,2026-02-26 08:44:10,-7.29845,112.79629,Surabaya
EV03189,D009,2026-02-26 09:28:22,3.63475,98.63454,Medan
EV03561,D002,2026-02-26 09:38:26,-6.89011,107.64256,Bandung
EV02347,D077,2026-02-26 09:42:26,-6.19586,106.71009,Jakarta
EV00532,D041,2026-02-26 10:27:17,-7.22241,112.70955,Surabaya
EV03636,D047,2026-02-26 10:47:28,-6.89195,107.68896,Bandung
EV02031,D065,2026-02-26 11:14:14,-7.29409,112.7156,Surabaya
EV02409,D031,2026-02-26 11:32:53,3.63984,98.6524,Medan
EV00977,D014,2026-02-26 11:36:32,-7.23049,112.78641,Surabaya
EV02795,D081,2026-02-26 11:54:57,-5.10582,119.46804,Makassar
EV02682,D067,2026-02-26 12:39:31,-5.13059,119.48972,Makassar
EV01691,D090,2026-02-26 13:23:21,-6.87914,107.55358,Bandung
EV03946,D078,2026-02-26 13:31:58,-6.20952,106.89846,Jakarta
EV03553,D077,2026-02-26 13:48:47,-6.20264,106.824,Jakarta
EV03855,D063,2026-02-26 14:27:29,-6.83406,107.51992,Bandung
EV02822,D032,2026-02-26 14:38:14,-5.15326,119.47792,Makassar
EV01190,D073,2026-02-26 15:02:34,-6.17601,106.7416,Jakarta
EV00897,D092,2026-02-26 16:22:20,-6.84548,107.56411,Bandung
EV00975,D050,2026-02-26 16:28:56,-5.12652,119.48481,Makassar
EV03462,D084,2026-02-26 16:37:09,-7.2684,112.76452,Surabaya
EV00421,D009,2026-02-26 17:09:05,3.55417,98.67544,Medan
EV02538,D073,2026-02-26 18:01:37,-6.12233,106.71248,Jakarta
EV00558,D090,2026-02-26 18:13:21,-6.89404,107.66573,Bandung
EV00051,D056,2026-02-26 18:21:17,-7.22537,112.73187,Surabaya
EV02289,D086,2026-02-26 18:21:28,-5.11694,119.40082,Makassar
EV01174,D017,2026-02-26 19:02:58,-5.10491,119.42518,Makassar
EV01547,D078,2026-02-26 19:34:57,-6.13675,106.70311,Jakarta
EV00836,D038,2026-02-26 19:41:25,-6.84766,107.65765,Bandung
EV02992,D090,2026-02-26 19:57:18,-6.86811,107.52154,Bandung
EV00546,D076,2026-02-26 20:03:07,3.69942,98.64708,Medan
EV00736,D095,2026-02-26 20:14:17,-7.22389,112.74324,Surabaya
EV03024,D055,2026-02-26 21:23:21,-5.11513,119.47901,Makassar
EV03105,D048,2026-02-26 22:01:07,-5.17372,119.43874,Makassar
EV02304,D094,2026-02-26 22:19:11,-5.17623,119.45948,Makassar
EV02790,D080,2026-02-26 22:32:58,-7.24853,112.73878,Surabaya
EV02423,D069,2026-02-27 00:23:00,-7.21041,112.74896,Surabaya
EV03851,D064,2026-02-27 02:44:13,-5.19426,119.43322,Makassar
EV03033,D020,2026-02-27 02:50:50,-5.12384,119.44325,Makassar
EV03364,D019,2026-02-27 02:53:55,-7.29787,112.79725,Surabaya
EV02956,D012,2026-02-27 03:22:47,-6.23936,106.80305,Jakarta
EV01048,D063,2026-02-27 03:53:41,-6.88012,107.63897,Bandung
EV00415,D070,2026-02-27 03:59:32,-7.27178,112.77785,Surabaya
EV02740,D021,2026-02-27 04:19:49,3.68142,98.62935,Medan
EV01734,D041,2026-02-27 04:29:39,-7.21631,112.73114,Surabaya
EV03648,D021,2026-02-27 04:45:25,3.69403,98.62476,Medan
EV01573,D045,2026-02-27 04:46:16,-7.26468,112.77003,Surabaya
EV00749,D039,2026-02-27 06:33:07,-5.12932,119.41987,Makassar
EV00581,D081,2026-02-27 07:49:57,-5.17082,119.42717,Makassar
EV02180,D055,2026-02-27 08:11:20,-5.15709,119.42541,Makassar
EV00725,D050,2026-02-27 08:42:41,-5.12207,119.40046,Makassar
EV03101,D010,2026-02-27 10:04:58,-5.17109,119.41378,Makassar
EV01238,D048,2026-02-27 10:23:18,-5.13714,119.41481,Makassar
EV03460,D034,2026-02-27 10:49:52,3.59262,98.68261,Medan
EV01476,D073,2026-02-27 11:54:38,-6.19522,106.82078,Jakarta
EV00680,D014,2026-02-27 12:58:32,-7.28039,112.77529,Surabaya
EV03350,D001,2026-02-27 13:22:16,-7.25319,112.73619,Surabaya
EV00132,D073,2026-02-27 13:46:03,-6.24937,106.81215,Jakarta
EV00825,D014,2026-02-27 14:05:55,-7.27269,112.70785,Surabaya
EV02521,D023,2026-02-27 15:05:33,-7.29387,112.79464,Surabaya
EV03086,D052,2026-02-27 15:05:57,-7.23156,112.73518,Surabaya
EV02157,D036,2026-02-27 15:48:23,-6.18265,106.76677,Jakarta
EV02744,D045,2026-02-27 16:13:03,-7.24433,112.7658,Surabaya
EV02808,D076,2026-02-27 17:23:52,3.61669,98.62098,Medan
EV01090,D055,2026-02-27 17:40:21,-5.1822,119.4631,Makassar
EV03643,D089,2026-02-27 17:57:48,-7.24569,112.79819,Surabaya
EV00831,D051,2026-02-27 18:56:21,-6.10656,106.73693,Jakarta
EV01686,D012,2026-02-27 19:59:37,-6.14807,106.88134,Jakarta
EV00772,D019,2026-02-27 20:11:55,-7.21794,112.72117,Surabaya
EV00846,D047,2026-02-27 20:34:15,-6.8609,107.63575,Bandung
EV02855,D092,2026-02-27 20:43:22,-6.80406,107.67317,Bandung
EV00031,D007,2026-02-27 21:28:55,-5.15032,119.47546,Makassar
EV03072,D090,2026-02-27 21:29:55,-6.88129,107.66952,Bandung
EV00216,D001,2026-02-27 22:08:28,-7.29996,112.73426,Surabaya
EV00531,D092,2026-02-27 22:14:40,-6.82426,107.56517,Bandung
EV03693,D040,2026-02-27 22:15:57,-5.19759,119.49569,Makassar
EV02629,D070,2026-02-27 22:43:49,-7.25688,112.71772,Surabaya
EV01548,D056,2026-02-27 22:58:51,-7.22117,112.75259,Surabaya
EV03179,D020,2026-02-27 23:25:00,-5.16249,119.41197,Makassar
EV02501,D026,2026-02-28 00:51:23,-6.85929,107.5545,Bandung
EV02904,D092,2026-02-28 01:22:40,-6.8556,107.62778,Bandung
EV02777,D061,2026-02-28 02:31:55,-6.89046,107.63655,Bandung
EV02856,D085,2026-02-28 02:53:29,3.62875,98.6092,Medan
EV02747,D086,2026-02-28 02:58:41,-5.13904,119.49577,Makassar
EV00034,D027,2026-02-28 03:10:13,-6.86643,107.57078,Bandung
EV00577,D046,2026-02-28 03:28:17,-5.14542,119.43267,Makassar
EV02413,D011,2026-02-28 03:36:24,-6.82058,107.61381,Bandung
EV03419,D056,2026-02-28 04:33:25,-7.2306,112.7969,Surabaya
EV00476,D019,2026-02-28 06:36:08,-7.21164,112.71241,Surabaya
EV01282,D026,2026-02-28 10:37:11,-6.8114,107.51963,Bandung
EV03050,D093,2026-02-28 11:30:47,-7.25428,112.72641,Surabaya
EV00190,D095,2026-02-28 11:56:28,-7.21843,112.71344,Surabaya
EV01917,D079,2026-02-28 12:28:15,-5.11116,119.45396,Makassar
EV01912,D076,2026-02-28 13:02:03,3.65048,98.65192,Medan
EV03414,D060,2026-02-28 13:03:17,-6.80396,107.62756,Bandung
EV03729,D061,2026-02-28 13:09:15,-6.8769,107.65438,Bandung
EV00337,D018,2026-02-28 13:34:47,-6.12317,106.81937,Jakarta
EV02500,D079,2026-02-28 13:44:19,-5.12757,119.43218,Makassar
EV03118,D023,2026-02-28 13:45:36,-7.20822,112.73192,Surabaya
EV03275,D053,2026-02-28 14:38:08,3.68431,98.65742,Medan
EV03471,D056,2026-02-28 15:35:23,-7.20138,112.70962,Surabaya
EV01583,D033,2026-02-28 15:41:05,-5.13009,119.46139,Makassar
EV01782,D073,2026-02-28 16:21:49,-6.29346,106.78049,Jakarta
EV01643,D037,2026-02-28 16:36:14,-5.12499,119.4857,Makassar
EV03822,D041,2026-02-28 18:23:52,-7.2102,112.73578,Surabaya
EV03999,D016,2026-02-28 18:39:51,-7.20359,112.72254,Surabaya
EV00237,D063,2026-02-28 20:26:15,-6.88907,107.51737,Bandung
EV00788,D060,2026-02-28 21:05:28,-6.80996,107.5402,Bandung
EV03230,D052,2026-02-28 21:11:18,-7.20487,112.78492,Surabaya
EV02873,D047,2026-02-28 21:25:11,-6.89009,107.56084,Bandung
EV00393,D017,2026-02-28 21:58:21,-5.14137,119.44909,Makassar
EV01938,D051,2026-02-28 22:13:11,-6.22737,106.75326,Jakarta
EV01621,D045,2026-02-28 22:25:36,-7.20078,112.75202,Surabaya
EV03199,D059,2026-03-01 00:06:56,-7.23079,112.78051,Surabaya
EV02890,D006,2026-03-01 00:37:49,-7.29235,112.78738,Surabaya
EV02075,D052,2026-03-01 00:40:20,-7.26568,112.75832,Surabaya
EV03353,D028,2026-03-01 01:59:48,-5.12652,119.43493,Makassar
EV01698,D089,2026-03-01 02:42:36,-7.28857,112.75959,Surabaya
EV03486,D064,2026-03-01 02:49:29,-5.10568,119.47513,Makassar
EV00268,D042,2026-03-01 03:29:41,-6.86045,107.55996,Bandung
EV01810,D014,2026-03-01 03:38:05,-7.23981,112.71876,Surabaya
EV02133,D043,2026-03-01 03:38:37,-6.17706,106.88189,Jakarta
EV01033,D082,2026-03-01 04:08:02,-6.2362,106.83916,Jakarta
EV00942,D031,2026-03-01 04:38:52,3.69917,98.62513,Medan
EV01677,D062,2026-03-01 05:55:23,3.61781,98.64697,Medan
EV01479,D055,2026-03-01 06:57:04,-5.16458,119.47199,Makassar
EV02907,D042,2026-03-01 08:00:00,-6.88936,107.64183,Bandung
EV00431,D038,2026-03-01 08:00:31,-6.85406,107.51537,Bandung
EV01034,D059,2026-03-01 08:24:03,-7.24019,112.79962,Surabaya
EV03168,D017,2026-03-01 08:27:36,-5.11368,119.40322,Makassar
EV00276,D005,2026-03-01 08:38:02,-6.87127,107.51712,Bandung
EV00091,D001,2026-03-01 10:55:35,-7.20691,112.74419,Surabaya
EV03324,D093,2026-03-01 13:06:57,-7.21644,112.7576,Surabaya
EV01438,D077,2026-03-01 13:32:38,-6.28011,106.88744,Jakarta
EV00801,D021,2026-03-01 13:52:17,3.54501,98.66186,Medan
EV01915,D025,2026-03-01 14:15:43,3.58557,98.60543,Medan
EV00225,D012,2026-03-01 14:20:52,-6.27582,106.84636,Jakarta
EV03998,D008,2026-03-01 15:13:18,-6.13525,106.70935,Jakarta
EV00243,D066,2026-03-01 16:04:21,-6.86201,107.59389,Bandung
EV02929,D002,2026-03-01 16:17:29,-6.82054,107.55576,Bandung
EV00307,D060,2026-03-01 16:30:35,-6.82004,107.51528,Bandung
EV01394,D018,2026-03-01 18:59:21,-6.14525,106.75857,Jakarta
EV02273,D022,2026-03-01 19:07:34,3.65523,98.67939,Medan
EV02620,D086,2026-03-01 20:38:37,-5.16641,119.43336,Makassar
EV00833,D059,2026-03-01 21:44:03,-7.27922,112.71791,Surabaya
EV00293,D006,2026-03-01 21:48:16,-7.26642,112.74682,Surabaya
EV00615,D007,2026-03-01 21:55:25,-5.17975,119.44791,Makassar
EV02935,D020,2026-03-01 23:51:13,-5.10911,119.41703,Makassar
EV02612,D053,2026-03-02 00:14:03,3.64064,98.65803,Medan
EV02203,D022,2026-03-02 00:20:24,3.69633,98.67715,Medan
EV02866,D072,2026-03-02 00:34:46,-5.19521,119.42725,Makassar
EV03685,D049,2026-03-02 00:48:10,3.53608,98.66579,Medan
EV01421,D039,2026-03-02 01:45:47,-5.19103,119.48425,Makassar
EV03620,D043,2026-03-02 02:27:49,-6.2878,106.87074,Jakarta
EV03831,D084,2026-03-02 03:20:56,-7.28324,112.71598,Surabaya
EV00728,D066,2026-03-02 03:25:58,-6.89336,107.66597,Bandung
EV02428,D031,2026-03-02 03:31:41,3.65085,98.61025,Medan
EV00256,D028,2026-03-02 04:16:49,-5.14651,119.49828,Makassar
EV01013,D006,2026-03-02 05:24:25,-7.29307,112.7279,Surabaya
EV01767,D087,2026-03-02 05:39:02,-6.13072,106.77848,Jakarta
EV00053,D051,2026-03-02 06:09:41,-6.1414,106.73273,Jakarta
EV01612,D033,2026-03-02 06:16:24,-5.1907,119.49258,Makassar
EV02314,D014,2026-03-02 07:16:56,-7.29568,112.78656,Surabaya
EV02702,D006,2026-03-02 08:32:48,-7.27558,112.77969,Surabaya
EV00705,D046,2026-03-02 09:02:26,-5.12346,119.41006,Makassar
EV03450,D007,2026-03-02 09:07:45,-5.1571,119.45403,Makassar
EV01627,D089,2026-03-02 09:33:04,-7.2121,112.73566,Surabaya
EV03150,D036,2026-03-02 10:17:47,-6.1211,106.76891,Jakarta
EV00098,D076,2026-03-02 11:53:08,3.50818,98.67111,Medan
EV03095,D076,2026-03-02 12:59:01,3.5643,98.68124,Medan
EV02892,D054,2026-03-02 13:33:33,-5.18032,119.44343,Makassar
EV03085,D056,2026-03-02 15:05:57,-7.24849,112.79266,Surabaya
EV01060,D029,2026-03-02 18:41:48,-6.80738,107.51465,Bandung
EV03610,D095,2026-03-02 18:43:22,-7.21684,112.79559,Surabaya
EV01993,D086,2026-03-02 18:44:37,-5.13099,119.40019,Makassar
EV00622,D036,2026-03-02 18:44:52,-6.24435,106.75849,Jakarta
EV00483,D027,2026-03-02 20:19:42,-6.88759,107.60181,Bandung
EV00841,D080,2026-03-02 21:12:43,-7.20637,112.73852,Surabaya
EV03276,D093,2026-03-02 21:25:52,-7.25116,112.76081,Surabaya
EV02739,D009,2026-03-02 21:36:07,3.66708,98.63489,Medan
EV02093,D073,2026-03-02 21:37:47,-6.13714,106.74099,Jakarta
EV03614,D012,2026-03-02 21:40:58,-6.12942,106.87443,Jakarta
EV02848,D070,2026-03-02 21:59:22,-7.27177,112.72054,Surabaya
EV03386,D032,2026-03-02 22:45:09,-5.17336,119.40328,Makassar
EV03557,D056,2026-03-02 22:51:16,-7.24636,112.7971,Surabaya
EV00867,D044,2026-03-02 22:51:26,-6.14181,106.8908,Jakarta
EV00906,D094,2026-03-02 23:15:05,-5.11857,119.46349,Makassar
EV01740,D071,2026-03-02 23:39:19,-6.86955,107.6338,Bandung
EV00473,D030,2026-03-03 00:53:06,3.66581,98.61571,Medan
EV02885,D054,2026-03-03 02:00:23,-5.19067,119.46909,Makassar
EV01567,D087,2026-03-03 02:13:37,-6.13976,106.71971,Jakarta
EV03151,D012,2026-03-03 02:27:42,-6.12774,106.80591,Jakarta
EV00706,D092,2026-03-03 02:56:52,-6.88357,107.65999,Bandung
EV03277,D072,2026-03-03 03:07:38,-5.10191,119.40191,Makassar
EV01356,D002,2026-03-03 03:54:53,-6.85149,107.50594,Bandung
EV02214,D085,2026-03-03 05:02:20,3.564,98.69344,Medan
EV02671,D007,2026-03-03 06:53:16,-5.12424,119.43087,Makassar
EV00452,D082,2026-03-03 08:38:45,-6.17448,106.8787,Jakarta
EV01292,D051,2026-03-03 09:38:45,-6.21753,106.78738,Jakarta
EV03926,D028,2026-03-03 09:56:33,-5.13574,119.45428,Makassar
EV02063,D033,2026-03-03 10:00:07,-5.17898,119.49278,Makassar
EV02696,D033,2026-03-03 10:12:14,-5.1533,119.40039,Makassar
EV00798,D084,2026-03-03 11:00:55,-7.25642,112.71509,Surabaya
EV02170,D032,2026-03-03 11:50:42,-5.11139,119.45468,Makassar
EV03015,D069,2026-03-03 13:10:26,-7.2073,112.73725,Surabaya
EV02592,D001,2026-03-03 14:04:31,-7.29456,112.74786,Surabaya
EV00047,D001,2026-03-03 14:06:16,-7.20314,112.79074,Surabaya
EV03406,D011,2026-03-03 15:54:26,-6.81722,107.67759,Bandung
EV01688,D090,2026-03-03 16:06:44,-6.80986,107.57139,Bandung
EV01737,D068,2026-03-03 16:43:41,-6.81366,107.54543,Bandung
EV01178,D062,2026-03-03 16:56:06,3.67403,98.62452,Medan
EV03483,D080,2026-03-03 18:07:39,-7.22382,112.79315,Surabaya
EV01149,D053,2026-03-03 18:30:50,3.58242,98.6566,Medan
EV00182,D079,2026-03-03 18:35:10,-5.17464,119.453,Makassar
EV03397,D047,2026-03-03 18:45:44,-6.85667,107.68576,Bandung
EV02844,D041,2026-03-03 18:51:06,-7.28119,112.77076,Surabaya
EV02783,D047,2026-03-03 19:09:36,-6.81374,107.56504,Bandung
EV01287,D076,2026-03-03 20:17:48,3.51674,98.69543,Medan
EV03314,D004,2026-03-03 20:31:19,-7.28018,112.76435,Surabaya
EV02541,D038,2026-03-03 21:04:22,-6.85673,107.64308,Bandung
EV02989,D068,2026-03-03 21:45:15,-6.888,107.67002,Bandung
EV02238,D058,2026-03-03 22:09:46,-5.18662,119.48091,Makassar
EV00807,D093,2026-03-03 22:29:44,-7.22669,112.79872,Surabaya
EV02078,D068,2026-03-03 22:35:20,-6.84405,107.64215,Bandung
EV03302,D012,2026-03-03 22:44:32,-6.18904,106.7131,Jakarta
EV01856,D058,2026-03-03 22:47:04,-5.15389,119.40271,Makassar
EV02977,D008,2026-03-03 23:17:32,-6.11914,106.82288,Jakarta
EV02806,D024,2026-03-03 23:41:31,3.54593,98.68036,Medan
EV03735,D044,2026-03-04 00:00:21,-6.22841,106.85458,Jakarta
EV03144,D053,2026-03-04 00:20:33,3.64412,98.63962,Medan
EV00451,D085,2026-03-04 00:33:58,3.64892,98.6557,Medan
EV02965,D043,2026-03-04 02:33:18,-6.12046,106.84946,Jakarta
EV03586,D015,2026-03-04 02:42:49,3.50356,98.64766,Medan
EV01198,D046,2026-03-04 04:38:27,-5.13006,119.46363,Makassar
EV02066,D020,2026-03-04 04:48:16,-5.17323,119.42515,Makassar
EV02679,D006,2026-03-04 05:15:02,-7.2394,112.70866,Surabaya
EV02011,D093,2026-03-04 05:20:22,-7.28941,112.7131,Surabaya
EV02336,D034,2026-03-04 06:53:17,3.67106,98.6577,Medan
EV03681,D095,2026-03-04 08:07:30,-7.23696,112.75834,Surabaya
EV01177,D093,2026-03-04 08:32:16,-7.25163,112.77997,Surabaya
EV02894,D010,2026-03-04 08:51:30,-5.198,119.47307,Makassar
EV01905,D094,2026-03-04 09:19:27,-5.15389,119.41304,Makassar
EV01825,D034,2026-03-04 09:47:11,3.66003,98.69724,Medan
EV01354,D038,2026-03-04 10:55:51,-6.84766,107.51715,Bandung
EV00521,D009,2026-03-04 11:34:37,3.67563,98.69932,Medan
EV01610,D029,2026-03-04 12:23:33,-6.81564,107.66529,Bandung
EV02637,D081,2026-03-04 12:34:00,-5.16615,119.40587,Makassar
EV02420,D064,2026-03-04 12:36:18,-5.11886,119.43168,Makassar
EV01815,D019,2026-03-04 12:56:44,-7.28151,112.78951,Surabaya
EV00605,D084,2026-03-04 12:58:13,-7.28499,112.75245,Surabaya
EV02204,D036,2026-03-04 13:02:00,-6.21322,106.76741,Jakarta
EV00331,D003,2026-03-04 13:25:01,-6.26455,106.74934,Jakarta
EV01321,D085,2026-03-04 13:28:09,3.50426,98.60907,Medan
EV03336,D073,2026-03-04 13:53:11,-6.10054,106.77389,Jakarta
EV03840,D043,2026-03-04 14:30:51,-6.18325,106.87125,Jakarta
EV00344,D061,2026-03-04 14:57:12,-6.88343,107.60888,Bandung
EV03270,D014,2026-03-04 15:15:03,-7.29861,112.72838,Surabaya
EV01707,D040,2026-03-04 15:30:43,-5.10944,119.45525,Makassar
EV00610,D092,2026-03-04 17:06:30,-6.8447,107.59869,Bandung
EV03835,D063,2026-03-04 17:08:34,-6.84665,107.69274,Bandung
EV01051,D007,2026-03-04 19:51:44,-5.10396,119.40034,Makassar
EV02367,D046,2026-03-04 20:59:08,-5.16389,119.44193,Makassar
EV01192,D075,2026-03-04 21:30:13,-7.23997,112.74806,Surabaya
EV02700,D002,2026-03-04 21:44:29,-6.8196,107.5956,Bandung
EV03915,D009,2026-03-04 21:54:25,3.61468,98.64815,Medan
EV00496,D094,2026-03-04 22:35:12,-5.14438,119.49527,Makassar
EV02668,D066,2026-03-04 22:50:41,-6.83929,107.60486,Bandung
EV02154,D004,2026-03-04 23:14:46,-7.21985,112.70162,Surabaya
EV03289,D023,2026-03-04 23:30:28,-7.25697,112.79701,Surabaya
EV03677,D051,2026-03-05 01:02:37,-6.17186,106.76237,Jakarta
EV03333,D091,2026-03-05 01:03:14,-6.83482,107.58282,Bandung
EV03395,D038,2026-03-05 01:47:34,-6.85297,107.55323,Bandung
EV02743,D083,2026-03-05 01:55:51,3.63162,98.6706,Medan
EV02055,D030,2026-03-05 02:30:22,3.64204,98.63536,Medan
EV03710,D074,2026-03-05 02:38:02,-7.2823,112.73143,Surabaya
EV00428,D083,2026-03-05 02:45:57,3.66906,98.6925,Medan
EV00778,D046,2026-03-05 02:47:11,-5.13,119.48893,Makassar
EV03399,D060,2026-03-05 03:01:01,-6.80751,107.57647,Bandung
EV00398,D014,2026-03-05 03:11:04,-7.28536,112.70654,Surabaya
EV00683,D006,2026-03-05 03:16:12,-7.26268,112.71011,Surabaya
EV00666,D061,2026-03-05 03:43:33,-6.80432,107.51933,Bandung
EV03827,D078,2026-03-05 03:43:46,-6.29647,106.89757,Jakarta
EV01666,D095,2026-03-05 03:49:44,-7.24557,112.76969,Surabaya
EV02427,D085,2026-03-05 05:05:19,3.68296,98.64372,Medan
EV01253,D009,2026-03-05 05:29:45,3.61986,98.66217,Medan
EV00352,D072,2026-03-05 05:35:50,-5.1868,119.40157,Makassar
EV01250,D087,2026-03-05 05:39:38,-6.14049,106.81475,Jakarta
EV00333,D025,2026-03-05 06:50:27,3.53684,98.67301,Medan
EV01390,D010,2026-03-05 07:17:22,-5.14445,119.45474,Makassar
EV01430,D042,2026-03-05 07:21:00,-6.88604,107.59184,Bandung
EV02107,D008,2026-03-05 07:54:44,-6.22094,106.86839,Jakarta
EV03417,D052,2026-03-05 09:32:38,-7.27987,112.78374,Surabaya
EV01706,D058,2026-03-05 09:42:02,-5.1209,119.40576,Makassar
EV02237,D009,2026-03-05 10:38:59,3.53021,98.62419,Medan
EV01550,D018,2026-03-05 11:55:44,-6.12403,106.77796,Jakarta
EV02392,D060,2026-03-05 12:24:37,-6.8147,107.58254,Bandung
EV03762,D079,2026-03-05 12:35:06,-5.14092,119.47845,Makassar
EV03215,D032,2026-03-05 14:11:15,-5.17506,119.42021,Makassar
EV03067,D020,2026-03-05 14:14:28,-5.15849,119.47814,Makassar
EV00799,D008,2026-03-05 15:50:04,-6.29486,106.87673,Jakarta
EV03034,D047,2026-03-05 15:51:10,-6.86966,107.57383,Bandung
EV02353,D003,2026-03-05 16:00:41,-6.17877,106.89617,Jakarta
EV01536,D063,2026-03-05 16:31:43,-6.87767,107.58388,Bandung
EV02572,D071,2026-03-05 16:40:57,-6.87288,107.62455,Bandung
EV00343,D095,2026-03-05 17:35:51,-7.22819,112.77215,Surabaya
EV03876,D032,2026-03-05 18:35:30,-5.1231,119.47823,Makassar
EV03428,D034,2026-03-05 19:02:55,3.64017,98.62949,Medan
EV02351,D045,2026-03-05 19:42:31,-7.27905,112.77625,Surabaya
EV03352,D015,2026-03-05 20:25:20,3.69964,98.68717,Medan
EV00601,D077,2026-03-05 22:26:24,-6.20458,106.82424,Jakarta
EV03120,D032,2026-03-05 22:55:03,-5.14168,119.40983,Makassar
EV00688,D006,2026-03-05 23:47:33,-7.25001,112.77272,Surabaya
EV03123,D075,2026-03-06 00:06:55,-7.29998,112.7455,Surabaya
EV03398,D037,2026-03-06 00:13:54,-5.16861,119.43246,Makassar
EV00011,D039,2026-03-06 00:36:06,-5.13276,119.42553,Makassar
EV01203,D024,2026-03-06 02:47:32,3.60704,98.64358,Medan
EV01004,D058,2026-03-06 03:05:49,-5.1768,119.43748,Makassar
EV00638,D090,2026-03-06 04:15:54,-6.8746,107.61447,Bandung
EV00151,D085,2026-03-06 04:17:41,3.68834,98.67136,Medan
EV01996,D032,2026-03-06 04:30:25,-5.11868,119.48053,Makassar
EV00013,D054,2026-03-06 04:32:30,-5.15643,119.49395,Makassar
EV01044,D007,2026-03-06 05:57:44,-5.10796,119.43503,Makassar
EV01180,D090,2026-03-06 06:02:10,-6.84034,107.53816,Bandung
EV01930,D005,2026-03-06 07:10:52,-6.84736,107.5363,Bandung
EV01247,D015,2026-03-06 07:35:35,3.63267,98.61968,Medan
EV03815,D002,2026-03-06 07:53:36,-6.83841,107.58453,Bandung
EV01035,D079,2026-03-06 08:23:14,-5.19944,119.4734,Makassar
EV01182,D006,2026-03-06 09:40:05,-7.27398,112.75128,Surabaya
EV02782,D049,2026-03-06 09:49:04,3.52412,98.636,Medan
EV02143,D043,2026-03-06 10:32:38,-6.20296,106.86757,Jakarta
EV02010,D086,2026-03-06 10:35:21,-5.11799,119.46036,Makassar
EV01137,D032,2026-03-06 10:39:10,-5.18113,119.45626,Makassar
EV03122,D065,2026-03-06 11:19:05,-7.29907,112.74615,Surabaya
EV02588,D039,2026-03-06 12:06:10,-5.10529,119.49797,Makassar
EV00905,D052,2026-03-06 12:11:41,-7.23883,112.73857,Surabaya
EV03511,D011,2026-03-06 13:18:33,-6.89343,107.65338,Bandung
EV00506,D091,2026-03-06 13:23:17,-6.80376,107.6194,Bandung
EV00041,D034,2026-03-06 13:32:01,3.64261,98.61142,Medan
EV02268,D093,2026-03-06 13:56:25,-7.23738,112.72814,Surabaya
EV03980,D049,2026-03-06 14:02:17,3.63324,98.68608,Medan
EV00980,D052,2026-03-06 14:48:06,-7.27973,112.71957,Surabaya
EV00840,D034,2026-03-06 15:52:39,3.58767,98.69628,Medan
EV02942,D066,2026-03-06 16:03:20,-6.84818,107.62901,Bandung
EV02217,D089,2026-03-06 17:03:30,-7.24978,112.71664,Surabaya
EV02830,D021,2026-03-06 17:37:33,3.68972,98.684,Medan
EV01902,D061,2026-03-06 17:48:34,-6.89398,107.69931,Bandung
EV01604,D032,2026-03-06 18:22:44,-5.14189,119.4186,Makassar
EV03753,D043,2026-03-06 19:07:54,-6.25124,106.73799,Jakarta
EV02983,D046,2026-03-06 19:09:30,-5.10529,119.48685,Makassar
EV01069,D023,2026-03-06 19:10:06,-7.25567,112.7376,Surabaya
EV03493,D060,2026-03-06 19:16:38,-6.83614,107.64487,Bandung
EV01215,D018,2026-03-06 20:24:33,-6.14873,106.81708,Jakarta
EV02905,D095,2026-03-06 21:40:59,-7.21086,112.77904,Surabaya
EV00714,D078,2026-03-06 21:51:21,-6.15105,106.83934,Jakarta
EV01988,D029,2026-03-06 21:52:46,-6.88227,107.68208,Bandung
EV02701,D062,2026-03-06 22:09:13,3.54595,98.63032,Medan
EV03665,D090,2026-03-06 22:13:27,-6.86269,107.50838,Bandung
EV01139,D043,2026-03-06 22:24:37,-6.2397,106.85533,Jakarta
EV03293,D022,2026-03-06 22:28:12,3.65201,98.6354,Medan
EV01416,D014,2026-03-06 22:57:09,-7.20409,112.7187,Surabaya
EV01957,D037,2026-03-07 00:24:24,-5.15485,119.47589,Makassar
EV00404,D086,2026-03-07 01:45:35,-5.1419,119.49912,Makassar
EV02411,D019,2026-03-07 02:36:33,-7.2091,112.79183,Surabaya
EV03853,D039,2026-03-07 02:49:15,-5.11154,119.451,Makassar
EV03920,D074,2026-03-07 03:16:00,-7.2491,112.74466,Surabaya
EV02746,D076,2026-03-07 04:18:33,3.69728,98.69101,Medan
EV00024,D073,2026-03-07 04:23:57,-6.23344,106.70772,Jakarta
EV02380,D094,2026-03-07 04:40:50,-5.14382,119.43041,Makassar
EV01575,D022,2026-03-07 05:22:46,3.67899,98.68138,Medan
EV02450,D058,2026-03-07 05:44:51,-5.19961,119.4907,Makassar
EV02312,D008,2026-03-07 05:51:49,-6.25964,106.78847,Jakarta
EV03102,D079,2026-03-07 06:35:26,-5.16807,119.47048,Makassar
EV01520,D062,2026-03-07 06:53:26,3.67361,98.67199,Medan
EV00735,D039,2026-03-07 07:25:05,-5.11063,119.40708,Makassar
EV01392,D020,2026-03-07 07:32:05,-5.15892,119.45795,Makassar
EV02661,D064,2026-03-07 07:35:41,-5.10531,119.42102,Makassar
EV00813,D018,2026-03-07 07:40:48,-6.17239,106.76612,Jakarta
EV01994,D094,2026-03-07 08:04:33,-5.17471,119.49526,Makassar
EV03996,D051,2026-03-07 08:10:49,-6.26473,106.7102,Jakarta
EV00230,D038,2026-03-07 08:56:28,-6.87582,107.54744,Bandung
EV00708,D011,2026-03-07 09:04:00,-6.81026,107.64965,Bandung
EV02966,D086,2026-03-07 09:06:18,-5.10099,119.42164,Makassar
EV03004,D079,2026-03-07 09:22:01,-5.18936,119.49554,Makassar
EV01579,D020,2026-03-07 09:34:34,-5.14773,119.44248,Makassar
EV03280,D064,2026-03-07 10:46:06,-5.14879,119.42284,Makassar
EV02399,D015,2026-03-07 11:02:37,3.61866,98.62359,Medan
EV03421,D030,2026-03-07 11:08:34,3.63436,98.63868,Medan
EV02354,D045,2026-03-07 11:12:30,-7.21025,112.73997,Surabaya
EV03186,D033,2026-03-07 11:19:06,-5.19774,119.49064,Makassar
EV02807,D060,2026-03-07 12:19:41,-6.86186,107.54686,Bandung
EV00447,D064,2026-03-07 12:36:13,-5.11253,119.44368,Makassar
EV00647,D012,2026-03-07 13:02:55,-6.17725,106.83591,Jakarta
EV01921,D059,2026-03-07 13:06:42,-7.23404,112.77162,Surabaya
EV01812,D050,2026-03-07 13:10:49,-5.14368,119.43554,Makassar
EV03981,D002,2026-03-07 13:24:06,-6.818,107.53146,Bandung
EV02520,D084,2026-03-07 13:34:05,-7.25131,112.7781,Surabaya
EV03279,D023,2026-03-07 14:18:18,-7.20007,112.74354,Surabaya
EV02403,D032,2026-03-07 14:56:02,-5.16917,119.44922,Makassar
EV00433,D021,2026-03-07 15:00:41,3.59466,98.67914,Medan
EV01334,D070,2026-03-07 15:14:22,-7.2244,112.74704,Surabaya
EV00326,D048,2026-03-07 15:22:20,-5.16346,119.40324,Makassar
EV02477,D044,2026-03-07 15:47:52,-6.10807,106.82411,Jakarta
EV00526,D079,2026-03-07 17:33:01,-5.15654,119.44896,Makassar
EV01528,D093,2026-03-07 17:42:12,-7.21597,112.76383,Surabaya
EV02569,D031,2026-03-07 19:01:16,3.53655,98.65779,Medan
EV03877,D040,2026-03-07 21:18:13,-5.19208,119.42326,Makassar
EV01842,D045,2026-03-07 21:58:05,-7.29634,112.74032,Surabaya
EV00996,D027,2026-03-07 22:34:56,-6.87242,107.58996,Bandung
EV03036,D015,2026-03-07 22:39:20,3.65713,98.65072,Medan
EV03060,D076,2026-03-07 23:15:04,3.68055,98.63756,Medan
EV03551,D034,2026-03-07 23:26:40,3.54588,98.63015,Medan
EV03666,D013,2026-03-08 00:12:47,-6.23491,106.72846,Jakarta
EV03376,D052,2026-03-08 00:42:45,-7.20268,112.77563,Surabaya
EV02379,D034,2026-03-08 00:46:40,3.60863,98.63741,Medan
EV03910,D047,2026-03-08 01:07:48,-6.86346,107.62475,Bandung
EV02100,D078,2026-03-08 01:09:55,-6.2914,106.73616,Jakarta
EV02750,D075,2026-03-08 01:09:57,-7.23728,112.76533,Surabaya
EV02340,D027,2026-03-08 01:14:30,-6.81895,107.6454,Bandung
EV01506,D067,2026-03-08 01:21:25,-5.16515,119.47623,Makassar
EV03627,D049,2026-03-08 01:47:33,3.63194,98.68252,Medan
EV01897,D019,2026-03-08 03:04:08,-7.27013,112.75972,Surabaya
EV03884,D020,2026-03-08 03:11:02,-5.16025,119.43451,Makassar
EV01075,D001,2026-03-08 03:28:58,-7.21371,112.72637,Surabaya
EV02468,D083,2026-03-08 03:31:00,3.61792,98.6286,Medan
EV00017,D052,2026-03-08 04:09:44,-7.26398,112.73232,Surabaya
EV02876,D094,2026-03-08 04:50:51,-5.10643,119.46677,Makassar
EV01257,D042,2026-03-08 05:15:28,-6.88207,107.51477,Bandung
EV02266,D017,2026-03-08 06:02:21,-5.14632,119.41724,Makassar
EV02246,D046,2026-03-08 06:14:23,-5.16281,119.44252,Makassar
EV02507,D066,2026-03-08 06:24:19,-6.81414,107.54379,Bandung
EV01156,D054,2026-03-08 07:38:30,-5.18419,119.40228,Makassar
EV03724,D064,2026-03-08 08:08:34,-5.11092,119.4381,Makassar
EV03278,D026,2026-03-08 09:21:58,-6.85453,107.52715,Bandung
EV02131,D065,2026-03-08 09:45:00,-7.26121,112.72041,Surabaya
EV02628,D075,2026-03-08 09:55:02,-7.27315,112.77414,Surabaya
EV01335,D059,2026-03-08 10:00:09,-7.26911,112.7531,Surabaya
EV03833,D045,2026-03-08 10:17:58,-7.20761,112.72327,Surabaya
EV02309,D038,2026-03-08 10:45:40,-6.81438,107.57385,Bandung
EV00354,D024,2026-03-08 10:55:00,3.54298,98.63409,Medan
EV00297,D033,2026-03-08 10:55:17,-5.19561,119.41513,Makassar
EV02440,D068,2026-03-08 11:04:58,-6.81955,107.58665,Bandung
EV01145,D036,2026-03-08 11:35:22,-6.12455,106.84442,Jakarta
EV00012,D069,2026-03-08 12:44:29,-7.25297,112.76668,Surabaya
EV03300,D051,2026-03-08 13:06:41,-6.27568,106.81989,Jakarta
EV03749,D050,2026-03-08 13:22:57,-5.13607,119.4202,Makassar
EV00668,D017,2026-03-08 14:07:27,-5.16687,119.47561,Makassar
EV00938,D076,2026-03-08 14:41:08,3.65515,98.69647,Medan
EV01352,D062,2026-03-08 15:06:07,3.51598,98.6522,Medan
EV00896,D028,2026-03-08 17:11:34,-5.10831,119.42659,Makassar
EV03220,D053,2026-03-08 17:24:40,3.50222,98.69697,Medan
EV02624,D032,2026-03-08 17:27:17,-5.17467,119.44229,Makassar
EV03872,D009,2026-03-08 17:49:25,3.55545,98.68461,Medan
EV00288,D003,2026-03-08 18:04:07,-6.23927,106.81043,Jakarta
EV00566,D082,2026-03-08 18:27:25,-6.22139,106.85898,Jakarta
EV03219,D071,2026-03-08 18:44:56,-6.81438,107.66592,Bandung
EV01492,D094,2026-03-08 19:17:10,-5.11849,119.41885,Makassar
EV02226,D022,2026-03-08 19:24:05,3.66946,98.62783,Medan
EV03539,D010,2026-03-08 19:25:51,-5.18204,119.41739,Makassar
EV02224,D010,2026-03-08 20:28:15,-5.15961,119.48529,Makassar
EV03633,D015,2026-03-08 20:47:36,3.64335,98.64934,Medan
EV02568,D047,2026-03-08 21:22:35,-6.83283,107.64502,Bandung
EV00322,D044,2026-03-08 21:26:23,-6.21541,106.75002,Jakarta
EV00914,D061,2026-03-08 21:26:39,-6.83894,107.56356,Bandung
EV00523,D050,2026-03-08 21:46:00,-5.11518,119.48761,Makassar
EV03606,D028,2026-03-08 22:01:40,-5.12757,119.40552,Makassar
EV00286,D059,2026-03-08 22:41:19,-7.24398,112.72142,Surabaya
EV02693,D079,2026-03-08 22:44:41,-5.11953,119.48395,Makassar
EV00862,D058,2026-03-08 22:52:56,-5.17579,119.442,Makassar
EV03212,D082,2026-03-08 23:32:20,-6.19964,106.73991,Jakarta
EV03197,D026,2026-03-09 00:31:56,-6.81387,107.61485,Bandung
EV02188,D031,2026-03-09 00:36:50,3.6499,98.61211,Medan
EV03087,D028,2026-03-09 02:16:07,-5.1154,119.40791,Makassar
EV01605,D072,2026-03-09 02:25:50,-5.1047,119.47558,Makassar
EV01909,D040,2026-03-09 03:00:22,-5.11407,119.42431,Makassar
EV01557,D045,2026-03-09 03:13:44,-7.2927,112.72869,Surabaya
EV02092,D083,2026-03-09 04:33:53,3.58625,98.60894,Medan
EV01078,D060,2026-03-09 05:53:39,-6.85307,107.59823,Bandung
EV00596,D021,2026-03-09 06:21:16,3.65842,98.63699,Medan
EV02425,D071,2026-03-09 06:35:05,-6.8082,107.576,Bandung
EV02462,D070,2026-03-09 06:39:54,-7.28121,112.71389,Surabaya
EV01718,D014,2026-03-09 08:19:02,-7.27922,112.76277,Surabaya
EV02452,D012,2026-03-09 09:23:56,-6.14481,106.87121,Jakarta
EV01132,D039,2026-03-09 09:47:17,-5.16769,119.42934,Makassar
EV03545,D001,2026-03-09 09:51:27,-7.20056,112.75422,Surabaya
EV02497,D061,2026-03-09 10:04:17,-6.83943,107.60568,Bandung
EV03081,D044,2026-03-09 10:56:56,-6.29116,106.75312,Jakarta
EV01350,D068,2026-03-09 10:57:52,-6.80346,107.56387,Bandung
EV01063,D062,2026-03-09 11:01:15,3.68317,98.6655,Medan
EV02248,D047,2026-03-09 11:22:06,-6.843,107.61704,Bandung
EV00154,D010,2026-03-09 11:27:51,-5.17693,119.47227,Makassar
EV03284,D050,2026-03-09 12:21:34,-5.12635,119.42805,Makassar
EV00311,D014,2026-03-09 12:22:44,-7.25743,112.79784,Surabaya
EV03244,D073,2026-03-09 12:24:36,-6.26604,106.84606,Jakarta
EV03653,D055,2026-03-09 12:29:41,-5.14655,119.4323,Makassar
EV02995,D015,2026-03-09 12:53:39,3.54006,98.67922,Medan
EV01304,D056,2026-03-09 14:12:55,-7.28569,112.76144,Surabaya
EV02156,D018,2026-03-09 15:39:12,-6.29873,106.88246,Jakarta
EV02925,D079,2026-03-09 16:28:26,-5.16925,119.47059,Makassar
EV02082,D073,2026-03-09 16:54:06,-6.29919,106.79771,Jakarta
EV02869,D016,2026-03-09 17:18:26,-7.29454,112.71618,Surabaya
EV03319,D054,2026-03-09 17:28:16,-5.19587,119.4596,Makassar
EV02527,D020,2026-03-09 17:35:20,-5.18012,119.46081,Makassar
EV03003,D026,2026-03-09 19:30:03,-6.84548,107.53851,Bandung
EV01656,D073,2026-03-09 19:41:36,-6.13539,106.87328,Jakarta
EV03023,D045,2026-03-09 19:54:19,-7.20252,112.74726,Surabaya
EV00430,D035,2026-03-09 21:48:17,3.67932,98.69148,Medan
EV00599,D020,2026-03-09 21:49:20,-5.18835,119.4566,Makassar
EV01900,D069,2026-03-10 00:27:27,-7.21362,112.79769,Surabaya
EV03062,D031,2026-03-10 01:03:11,3.67662,98.66497,Medan
EV00375,D095,2026-03-10 01:27:44,-7.21164,112.76299,Surabaya
EV01693,D093,2026-03-10 01:46:00,-7.20443,112.73651,Surabaya
EV00698,D081,2026-03-10 03:14:03,-5.10241,119.46258,Makassar
EV02634,D014,2026-03-10 03:42:55,-7.2723,112.76313,Surabaya
EV02665,D031,2026-03-10 03:43:24,3.5563,98.6167,Medan
EV03686,D094,2026-03-10 03:48:05,-5.15345,119.48512,Makassar
EV03149,D049,2026-03-10 04:38:03,3.52011,98.60965,Medan
EV01914,D063,2026-03-10 04:53:31,-6.86988,107.61684,Bandung
EV00052,D065,2026-03-10 05:09:39,-7.28574,112.74745,Surabaya
EV01146,D066,2026-03-10 06:14:21,-6.87158,107.69891,Bandung
EV01860,D092,2026-03-10 07:30:36,-6.89756,107.56662,Bandung
EV00018,D005,2026-03-10 07:40:18,-6.86019,107.67034,Bandung
EV02517,D093,2026-03-10 08:10:06,-7.23854,112.70175,Surabaya
EV00454,D073,2026-03-10 08:36:06,-6.17416,106.85604,Jakarta
EV00392,D060,2026-03-10 09:37:40,-6.88653,107.66666,Bandung
EV01881,D015,2026-03-10 09:53:29,3.64255,98.64262,Medan
EV00720,D089,2026-03-10 10:01:16,-7.23023,112.76693,Surabaya
EV01727,D003,2026-03-10 10:04:26,-6.20902,106.8626,Jakarta
EV02726,D028,2026-03-10 10:06:58,-5.12077,119.44004,Makassar
EV00498,D078,2026-03-10 10:23:53,-6.1229,106.80342,Jakarta
EV01813,D066,2026-03-10 10:26:32,-6.86566,107.61682,Bandung
EV01940,D003,2026-03-10 11:38:59,-6.25452,106.77876,Jakarta
EV03074,D020,2026-03-10 12:33:35,-5.12578,119.48894,Makassar
EV02978,D037,2026-03-10 13:03:29,-5.14295,119.47971,Makassar
EV01945,D068,2026-03-10 13:06:25,-6.814,107.59747,Bandung
EV00730,D029,2026-03-10 13:31:34,-6.8201,107.63094,Bandung
EV01240,D077,2026-03-10 13:34:12,-6.29064,106.74518,Jakarta
EV02085,D086,2026-03-10 14:22:31,-5.10993,119.49827,Makassar
EV03022,D079,2026-03-10 15:02:57,-5.19508,119.42408,Makassar
EV00855,D052,2026-03-10 15:21:38,-7.26928,112.77425,Surabaya
EV01383,D030,2026-03-10 15:42:59,3.51745,98.68327,Medan
EV03465,D072,2026-03-10 16:11:38,-5.10724,119.46929,Makassar
EV00021,D058,2026-03-10 17:15:40,-5.14717,119.42622,Makassar
EV00968,D060,2026-03-10 17:43:03,-6.83056,107.55555,Bandung
EV00440,D046,2026-03-10 17:56:24,-5.17726,119.47331,Makassar
EV01369,D054,2026-03-10 18:25:29,-5.12651,119.42408,Makassar
EV01704,D001,2026-03-10 18:51:42,-7.21148,112.75973,Surabaya
EV02636,D041,2026-03-10 19:18:18,-7.25851,112.74671,Surabaya
EV00600,D057,2026-03-10 19:46:55,-5.10395,119.4716,Makassar
EV02044,D068,2026-03-10 20:15:36,-6.85633,107.66624,Bandung
EV00074,D072,2026-03-10 20:22:48,-5.1434,119.49548,Makassar
EV03713,D092,2026-03-10 20:37:24,-6.83232,107.63805,Bandung
EV02594,D012,2026-03-10 21:15:37,-6.16075,106.73854,Jakarta
EV03856,D010,2026-03-10 21:16:05,-5.17397,119.49865,Makassar
EV03723,D062,2026-03-10 21:17:17,3.59748,98.68668,Medan
EV01086,D050,2026-03-10 21:23:43,-5.17917,119.40156,Makassar
EV02117,D041,2026-03-10 22:07:23,-7.24046,112.72111,Surabaya
EV03076,D003,2026-03-10 22:23:07,-6.24746,106.76264,Jakarta
EV00460,D051,2026-03-10 23:14:05,-6.16951,106.73774,Jakarta
EV00271,D081,2026-03-10 23:38:28,-5.14077,119.43629,Makassar
EV01499,D010,2026-03-11 01:07:26,-5.15098,119.48663,Makassar
EV03854,D059,2026-03-11 02:22:09,-7.29291,112.74249,Surabaya
EV02961,D093,2026-03-11 02:24:34,-7.26385,112.72347,Surabaya
EV00044,D060,2026-03-11 03:55:54,-6.86099,107.64249,Bandung
EV00402,D063,2026-03-11 04:57:09,-6.82885,107.55607,Bandung
EV02482,D029,2026-03-11 06:11:12,-6.87938,107.52723,Bandung
EV02308,D005,2026-03-11 07:03:52,-6.84717,107.6888,Bandung
EV02951,D035,2026-03-11 07:32:24,3.57913,98.65724,Medan
EV00457,D044,2026-03-11 07:50:40,-6.1563,106.82429,Jakarta
EV00254,D030,2026-03-11 08:07:29,3.66688,98.60775,Medan
EV01269,D010,2026-03-11 08:45:13,-5.11483,119.48062,Makassar
EV03488,D080,2026-03-11 09:20:58,-7.21569,112.73179,Surabaya
EV01184,D010,2026-03-11 09:46:11,-5.12032,119.44065,Makassar
EV01011,D056,2026-03-11 10:15:45,-7.20278,112.72311,Surabaya
EV03897,D029,2026-03-11 10:51:02,-6.8927,107.62531,Bandung
EV01602,D092,2026-03-11 11:12:30,-6.87278,107.51951,Bandung
EV03049,D003,2026-03-11 11:53:00,-6.20057,106.7464,Jakarta
EV02106,D057,2026-03-11 12:07:12,-5.17979,119.45398,Makassar
EV03718,D027,2026-03-11 12:37:18,-6.81049,107.678,Bandung
EV01068,D070,2026-03-11 12:48:11,-7.22966,112.79433,Surabaya
EV02332,D043,2026-03-11 12:56:11,-6.23888,106.87571,Jakarta
EV01745,D032,2026-03-11 13:02:02,-5.11228,119.46252,Makassar
EV01076,D025,2026-03-11 13:19:44,3.66946,98.67354,Medan
EV00767,D028,2026-03-11 14:20:10,-5.15343,119.49098,Makassar
EV00425,D033,2026-03-11 14:33:37,-5.10556,119.41707,Makassar
EV03435,D066,2026-03-11 15:02:06,-6.88413,107.55805,Bandung
EV03330,D046,2026-03-11 15:15:38,-5.1595,119.45862,Makassar
EV01302,D074,2026-03-11 15:31:28,-7.28698,112.78356,Surabaya
EV00264,D083,2026-03-11 15:47:39,3.53447,98.64322,Medan
EV00776,D062,2026-03-11 16:00:11,3.60609,98.65074,Medan
EV00336,D029,2026-03-11 16:08:22,-6.86163,107.50235,Bandung
EV01555,D050,2026-03-11 16:12:03,-5.12076,119.44767,Makassar
EV01485,D006,2026-03-11 16:25:07,-7.29686,112.73217,Surabaya
EV01733,D045,2026-03-11 16:41:53,-7.21361,112.79039,Surabaya
EV03357,D031,2026-03-11 17:00:01,3.53433,98.62989,Medan
EV00534,D034,2026-03-11 17:11:31,3.57289,98.69148,Medan
EV01545,D031,2026-03-11 17:12:20,3.54582,98.6243,Medan
EV03491,D006,2026-03-11 17:17:44,-7.28199,112.79719,Surabaya
EV03892,D008,2026-03-11 17:25:00,-6.21485,106.88046,Jakarta
EV03443,D062,2026-03-11 18:18:04,3.51852,98.62925,Medan
EV00417,D064,2026-03-11 18:45:38,-5.14241,119.46926,Makassar
EV02766,D036,2026-03-11 20:50:08,-6.29172,106.80877,Jakarta
EV02613,D047,2026-03-11 21:48:35,-6.84029,107.63214,Bandung
EV01071,D035,2026-03-11 21:59:19,3.63185,98.65253,Medan
EV03259,D043,2026-03-11 22:12:54,-6.15162,106.86669,Jakarta
EV02518,D067,2026-03-11 22:30:04,-5.14562,119.43797,Makassar
EV02537,D077,2026-03-11 23:14:19,-6.12253,106.72074,Jakarta
EV00084,D034,2026-03-11 23:19:54,3.60475,98.62863,Medan
EV01675,D087,2026-03-11 23:57:48,-6.24834,106.75671,Jakarta
EV03155,D044,2026-03-12 01:24:49,-6.22071,106.77549,Jakarta
EV01099,D026,2026-03-12 01:30:38,-6.80306,107.53305,Bandung
EV03140,D046,2026-03-12 01:34:20,-5.14017,119.46294,Makassar
EV01765,D014,2026-03-12 01:35:32,-7.29337,112.76235,Surabaya
EV00116,D037,2026-03-12 02:29:38,-5.12064,119.44759,Makassar
EV02639,D043,2026-03-12 02:50:21,-6.15836,106.84244,Jakarta
EV00797,D069,2026-03-12 02:55:08,-7.21805,112.75294,Surabaya
EV00131,D057,2026-03-12 03:54:58,-5.11518,119.47002,Makassar
EV01449,D073,2026-03-12 04:08:28,-6.10624,106.87886,Jakarta
EV00945,D042,2026-03-12 04:18:14,-6.82859,107.68534,Bandung
EV02240,D055,2026-03-12 04:50:49,-5.16242,119.48847,Makassar
EV00273,D059,2026-03-12 05:01:55,-7.2136,112.70075,Surabaya
EV02368,D072,2026-03-12 05:30:12,-5.16271,119.49527,Makassar
EV03233,D003,2026-03-12 05:30:40,-6.1818,106.8993,Jakarta
EV00585,D063,2026-03-12 05:51:14,-6.8956,107.5833,Bandung
EV00816,D062,2026-03-12 06:12:40,3.57593,98.6474,Medan
EV01995,D068,2026-03-12 06:20:04,-6.8372,107.63606,Bandung
EV02158,D074,2026-03-12 06:23:17,-7.24393,112.7294,Surabaya
EV00878,D005,2026-03-12 08:16:08,-6.89663,107.69962,Bandung
EV03953,D020,2026-03-12 08:46:02,-5.17768,119.41177,Makassar
EV03520,D039,2026-03-12 10:37:02,-5.15282,119.47972,Makassar
EV02146,D013,2026-03-12 10:50:52,-6.27059,106.85343,Jakarta
EV01436,D086,2026-03-12 11:06:13,-5.14645,119.41323,Makassar
EV00222,D026,2026-03-12 11:12:44,-6.8719,107.68515,Bandung
EV03569,D045,2026-03-12 12:07:59,-7.20326,112.78946,Surabaya
EV03962,D032,2026-03-12 12:13:22,-5.1681,119.4998,Makassar
EV00916,D029,2026-03-12 12:25:35,-6.81383,107.54641,Bandung
EV00755,D046,2026-03-12 12:30:23,-5.18822,119.41315,Makassar
EV02390,D053,2026-03-12 13:00:15,3.63783,98.64984,Medan
EV01606,D038,2026-03-12 13:43:16,-6.80307,107.54683,Bandung
EV00861,D090,2026-03-12 14:01:33,-6.86069,107.63352,Bandung
EV02623,D084,2026-03-12 14:24:39,-7.21499,112.72795,Surabaya
EV01020,D082,2026-03-12 15:09:19,-6.23938,106.70994,Jakarta
EV02330,D091,2026-03-12 15:42:46,-6.83809,107.64558,Bandung
EV01222,D043,2026-03-12 16:03:20,-6.22424,106.78715,Jakarta
EV02159,D061,2026-03-12 16:34:11,-6.89281,107.67707,Bandung
EV03042,D057,2026-03-12 16:44:06,-5.12049,119.45142,Makassar
EV01715,D074,2026-03-12 16:53:09,-7.20582,112.73149,Surabaya
EV03512,D022,2026-03-12 17:29:02,3.5573,98.6018,Medan
EV02277,D043,2026-03-12 17:35:15,-6.25771,106.74831,Jakarta
EV02443,D069,2026-03-12 18:47:55,-7.28587,112.74788,Surabaya
EV01543,D088,2026-03-12 18:56:29,-5.15416,119.46843,Makassar
EV03183,D090,2026-03-12 19:26:06,-6.85021,107.55615,Bandung
EV01228,D067,2026-03-12 19:31:25,-5.14964,119.4893,Makassar
EV03882,D070,2026-03-12 20:10:29,-7.25589,112.70747,Surabaya
EV01617,D036,2026-03-12 20:16:21,-6.2499,106.73145,Jakarta
EV00356,D058,2026-03-12 20:45:45,-5.11213,119.49317,Makassar
EV03664,D044,2026-03-12 21:15:46,-6.12252,106.77907,Jakarta
EV01214,D071,2026-03-12 21:19:54,-6.88998,107.60947,Bandung
EV00221,D036,2026-03-12 21:34:40,-6.2474,106.73194,Jakarta
EV01424,D065,2026-03-12 22:02:36,-7.29605,112.71332,Surabaya
EV02582,D070,2026-03-12 22:04:09,-7.24065,112.70332,Surabaya
EV01429,D013,2026-03-12 22:25:09,-6.13088,106.89738,Jakarta
EV03198,D083,2026-03-12 23:19:29,3.60801,98.68607,Medan
EV01496,D093,2026-03-12 23:21:46,-7.23786,112.73467,Surabaya
EV03550,D060,2026-03-13 02:30:07,-6.85011,107.53123,Bandung
EV01546,D033,2026-03-13 03:09:16,-5.18688,119.43077,Makassar
EV03613,D030,2026-03-13 03:17:11,3.68996,98.63152,Medan
EV00334,D003,2026-03-13 03:49:17,-6.16106,106.81358,Jakarta
EV00122,D025,2026-03-13 04:58:36,3.69098,98.61402,Medan
EV02687,D074,2026-03-13 05:16:11,-7.29025,112.71815,Surabaya
EV03255,D045,2026-03-13 05:23:09,-7.20098,112.76555,Surabaya
EV00952,D051,2026-03-13 05:56:37,-6.18977,106.87023,Jakarta
EV01455,D059,2026-03-13 07:17:46,-7.23994,112.79513,Surabaya
EV02753,D025,2026-03-13 08:22:31,3.60604,98.64134,Medan
EV01692,D074,2026-03-13 08:23:26,-7.24139,112.78939,Surabaya
EV02394,D013,2026-03-13 08:35:59,-6.248,106.73396,Jakarta
EV00514,D028,2026-03-13 08:56:27,-5.14775,119.46895,Makassar
EV01934,D022,2026-03-13 09:31:00,3.55809,98.66299,Medan
EV00928,D013,2026-03-13 09:53:10,-6.12452,106.71307,Jakarta
EV03730,D067,2026-03-13 10:43:58,-5.19223,119.41811,Makassar
EV03171,D044,2026-03-13 11:04:58,-6.14852,106.76845,Jakarta
EV00519,D017,2026-03-13 11:07:47,-5.12803,119.43165,Makassar
EV02263,D016,2026-03-13 11:29:49,-7.26375,112.71001,Surabaya
EV01223,D030,2026-03-13 11:37:08,3.53216,98.68721,Medan
EV02186,D062,2026-03-13 11:39:03,3.63183,98.66514,Medan
EV00219,D022,2026-03-13 11:43:57,3.61777,98.62552,Medan
EV00209,D063,2026-03-13 11:54:09,-6.8204,107.51141,Bandung
EV02642,D017,2026-03-13 14:07:33,-5.18638,119.43033,Makassar
EV01271,D013,2026-03-13 14:28:44,-6.25014,106.83373,Jakarta
EV01457,D029,2026-03-13 14:29:24,-6.83625,107.67024,Bandung
EV00631,D069,2026-03-13 14:31:50,-7.23359,112.75067,Surabaya
EV00253,D033,2026-03-13 14:33:38,-5.17075,119.46654,Makassar
EV03507,D010,2026-03-13 15:48:48,-5.11844,119.40014,Makassar
EV03203,D022,2026-03-13 16:17:25,3.66284,98.61653,Medan
EV03331,D070,2026-03-13 16:18:06,-7.28479,112.79497,Surabaya
EV03951,D072,2026-03-13 17:32:53,-5.1082,119.47101,Makassar
EV00842,D038,2026-03-13 18:47:24,-6.84072,107.50122,Bandung
EV02765,D055,2026-03-13 20:24:26,-5.16479,119.40355,Makassar
EV01294,D077,2026-03-13 21:00:40,-6.21729,106.75974,Jakarta
EV03426,D064,2026-03-13 21:58:04,-5.10317,119.41207,Makassar
EV00456,D018,2026-03-13 22:46:45,-6.27811,106.87,Jakarta
EV03131,D088,2026-03-13 23:11:56,-5.18906,119.42146,Makassar
EV00588,D060,2026-03-13 23:45:02,-6.89839,107.65627,Bandung
EV03617,D074,2026-03-13 23:48:47,-7.25179,112.76556,Surabaya
EV00753,D021,2026-03-13 23:51:33,3.68385,98.69673,Medan
EV00812,D067,2026-03-13 23:53:14,-5.1633,119.43161,Makassar
EV03939,D026,2026-03-14 00:50:57,-6.82219,107.63535,Bandung
EV01709,D015,2026-03-14 01:19:31,3.66437,98.66552,Medan
EV00684,D047,2026-03-14 02:00:58,-6.8999,107.63063,Bandung
EV03711,D043,2026-03-14 02:34:29,-6.24628,106.8756,Jakarta
EV00269,D058,2026-03-14 02:37:29,-5.15765,119.47598,Makassar
EV02091,D010,2026-03-14 03:24:46,-5.14201,119.48076,Makassar
EV01735,D004,2026-03-14 03:32:17,-7.20425,112.78908,Surabaya
EV03463,D005,2026-03-14 03:34:12,-6.80776,107.5933,Bandung
EV01234,D034,2026-03-14 03:43:48,3.68978,98.66111,Medan
EV03297,D089,2026-03-14 03:47:28,-7.23231,112.71089,Surabaya
EV01347,D055,2026-03-14 03:55:51,-5.16638,119.48545,Makassar
EV02384,D037,2026-03-14 04:13:16,-5.15935,119.48249,Makassar
EV00893,D060,2026-03-14 05:25:21,-6.83445,107.56467,Bandung
EV00468,D094,2026-03-14 05:51:29,-5.15897,119.45789,Makassar
EV01694,D021,2026-03-14 06:16:57,3.60847,98.6601,Medan
EV03161,D048,2026-03-14 07:07:32,-5.18923,119.43021,Makassar
EV01005,D006,2026-03-14 07:12:22,-7.242,112.75398,Surabaya
EV02043,D006,2026-03-14 08:13:19,-7.22795,112.74391,Surabaya
EV00692,D092,2026-03-14 08:21:27,-6.89312,107.50711,Bandung
EV03433,D080,2026-03-14 08:22:45,-7.21539,112.78648,Surabaya
EV00637,D018,2026-03-14 08:27:24,-6.1184,106.77755,Jakarta
EV01026,D034,2026-03-14 08:45:13,3.68683,98.604,Medan
EV02551,D059,2026-03-14 08:53:03,-7.23405,112.71261,Surabaya
EV00943,D025,2026-03-14 09:06:20,3.58186,98.63778,Medan
EV01049,D008,2026-03-14 09:18:11,-6.14464,106.72198,Jakarta
EV00641,D038,2026-03-14 10:10:57,-6.87233,107.51854,Bandung
EV02785,D045,2026-03-14 10:13:16,-7.2503,112.77523,Surabaya
EV01608,D086,2026-03-14 10:49:48,-5.10153,119.48353,Makassar
EV00947,D061,2026-03-14 11:06:52,-6.88999,107.57361,Bandung
EV02040,D044,2026-03-14 11:10:22,-6.11628,106.77475,Jakarta
EV01167,D018,2026-03-14 11:19:54,-6.25114,106.71209,Jakarta
EV02626,D017,2026-03-14 11:28:29,-5.15119,119.42056,Makassar
EV00283,D074,2026-03-14 12:00:29,-7.22357,112.76845,Surabaya
EV01941,D064,2026-03-14 12:01:16,-5.10145,119.41697,Makassar
EV03381,D057,2026-03-14 12:11:43,-5.12653,119.45018,Makassar
EV03444,D062,2026-03-14 12:16:00,3.58722,98.60171,Medan
EV01577,D057,2026-03-14 12:16:58,-5.17132,119.44895,Makassar
EV02512,D072,2026-03-14 12:17:32,-5.189,119.45167,Makassar
EV00362,D053,2026-03-14 12:19:06,3.64178,98.64543,Medan
EV01893,D032,2026-03-14 12:23:59,-5.13056,119.47334,Makassar
EV00319,D026,2026-03-14 12:34:32,-6.80669,107.66875,Bandung
EV01956,D081,2026-03-14 12:40:50,-5.11665,119.43838,Makassar
EV01559,D084,2026-03-14 13:03:11,-7.20606,112.72059,Surabaya
EV02005,D002,2026-03-14 13:09:58,-6.89817,107.6334,Bandung
EV01343,D001,2026-03-14 13:57:53,-7.27863,112.7403,Surabaya
EV02879,D065,2026-03-14 14:24:26,-7.20959,112.79281,Surabaya
EV02583,D003,2026-03-14 14:29:50,-6.19217,106.88871,Jakarta
EV02244,D032,2026-03-14 14:52:38,-5.18775,119.4293,Makassar
EV00651,D061,2026-03-14 14:55:13,-6.89246,107.51173,Bandung
EV02050,D091,2026-03-14 15:45:27,-6.83953,107.67917,Bandung
EV01410,D094,2026-03-14 16:39:22,-5.18318,119.46748,Makassar
EV00891,D002,2026-03-14 16:44:58,-6.85106,107.5048,Bandung
EV03027,D086,2026-03-14 17:10:06,-5.16595,119.45126,Makassar
EV03852,D089,2026-03-14 17:10:19,-7.21573,112.78633,Surabaya
EV03011,D004,2026-03-14 17:10:40,-7.23199,112.79352,Surabaya
EV01749,D001,2026-03-14 18:21:25,-7.28486,112.71232,Surabaya
EV01384,D063,2026-03-14 18:24:48,-6.80829,107.69581,Bandung
EV03830,D003,2026-03-14 18:44:57,-6.12798,106.7905,Jakarta
EV03949,D017,2026-03-14 18:47:16,-5.16073,119.44208,Makassar
EV02987,D021,2026-03-14 20:09:46,3.61106,98.68184,Medan
EV03931,D070,2026-03-14 20:22:44,-7.26084,112.71731,Surabaya
EV00026,D077,2026-03-14 20:23:26,-6.17373,106.72185,Jakarta
EV02776,D048,2026-03-14 20:33:51,-5.1482,119.41933,Makassar
EV02233,D051,2026-03-14 21:22:54,-6.20985,106.78805,Jakarta
EV02001,D061,2026-03-14 21:26:43,-6.86406,107.51641,Bandung
EV00611,D004,2026-03-14 21:44:28,-7.21461,112.73474,Surabaya
EV02370,D068,2026-03-14 22:37:32,-6.8773,107.69759,Bandung
EV02860,D075,2026-03-14 23:03:12,-7.29055,112.76732,Surabaya
EV02754,D036,2026-03-15 00:47:53,-6.14575,106.8792,Jakarta
EV00083,D033,2026-03-15 03:20:15,-5.17771,119.49576,Makassar
EV00573,D028,2026-03-15 03:55:33,-5.14273,119.4591,Makassar
EV00739,D047,2026-03-15 04:08:56,-6.85334,107.60736,Bandung
EV00527,D060,2026-03-15 04:40:44,-6.81647,107.62734,Bandung
EV03839,D054,2026-03-15 05:06:11,-5.114,119.4826,Makassar
EV03115,D095,2026-03-15 05:28:46,-7.22757,112.70532,Surabaya
EV01852,D018,2026-03-15 06:20:35,-6.16106,106.84389,Jakarta
EV00463,D093,2026-03-15 06:30:46,-7.21174,112.76031,Surabaya
EV01308,D070,2026-03-15 06:38:35,-7.20187,112.72588,Surabaya
EV01874,D020,2026-03-15 06:44:24,-5.10618,119.42619,Makassar
EV02996,D033,2026-03-15 06:45:10,-5.13139,119.43285,Makassar
EV02834,D075,2026-03-15 07:04:39,-7.21075,112.78984,Surabaya
EV00924,D074,2026-03-15 07:10:19,-7.20109,112.78915,Surabaya
EV01623,D056,2026-03-15 07:18:08,-7.22303,112.74671,Surabaya
EV02128,D050,2026-03-15 07:34:09,-5.12049,119.40843,Makassar
EV00734,D002,2026-03-15 07:37:21,-6.83797,107.59854,Bandung
EV02038,D001,2026-03-15 08:59:36,-7.25456,112.77533,Surabaya
EV02619,D040,2026-03-15 10:33:06,-5.11895,119.43014,Makassar
EV03582,D008,2026-03-15 11:12:50,-6.15353,106.70476,Jakarta
EV02674,D045,2026-03-15 11:16:37,-7.27884,112.78623,Surabaya
EV00233,D040,2026-03-15 12:15:48,-5.10678,119.42501,Makassar
EV02138,D013,2026-03-15 12:42:23,-6.24219,106.82851,Jakarta
EV03890,D012,2026-03-15 13:47:02,-6.24714,106.87323,Jakarta
EV01095,D056,2026-03-15 13:54:01,-7.21449,112.74049,Surabaya
EV01561,D069,2026-03-15 13:57:58,-7.25998,112.79748,Surabaya
EV03967,D080,2026-03-15 14:00:32,-7.27775,112.74046,Surabaya
EV00746,D030,2026-03-15 14:52:55,3.66576,98.61124,Medan
EV03327,D083,2026-03-15 15:58:00,3.6311,98.674,Medan
EV00677,D074,2026-03-15 16:35:53,-7.23615,112.71239,Surabaya
EV03625,D014,2026-03-15 17:17:42,-7.24822,112.75666,Surabaya
EV00185,D063,2026-03-15 18:23:45,-6.89856,107.53651,Bandung
EV00200,D031,2026-03-15 18:41:35,3.66811,98.62501,Medan
EV00186,D048,2026-03-15 18:45:41,-5.15549,119.43012,Makassar
EV03038,D044,2026-03-15 18:49:28,-6.11206,106.85436,Jakarta
EV02388,D086,2026-03-15 18:57:33,-5.12425,119.44007,Makassar
EV02836,D040,2026-03-15 19:22:13,-5.1546,119.47837,Makassar
EV03925,D046,2026-03-15 19:48:34,-5.10451,119.41236,Makassar
EV01944,D086,2026-03-15 20:53:02,-5.19512,119.48206,Makassar
EV03296,D007,2026-03-15 22:44:22,-5.14272,119.48243,Makassar
EV01999,D034,2026-03-15 22:45:18,3.6318,98.69096,Medan
EV02375,D044,2026-03-15 23:22:46,-6.22185,106.84472,Jakarta
EV00941,D009,2026-03-16 00:14:41,3.60092,98.64504,Medan
EV00713,D091,2026-03-16 01:47:19,-6.88488,107.631,Bandung
EV03282,D063,2026-03-16 01:53:10,-6.8992,107.64532,Bandung
EV02333,D040,2026-03-16 01:55:28,-5.11632,119.4948,Makassar
EV02801,D016,2026-03-16 02:18:33,-7.2468,112.79751,Surabaya
EV01950,D084,2026-03-16 02:33:23,-7.26058,112.70573,Surabaya
EV02270,D037,2026-03-16 03:20:41,-5.11775,119.48951,Makassar
EV02362,D077,2026-03-16 03:21:19,-6.1341,106.75328,Jakarta
EV01963,D046,2026-03-16 04:06:33,-5.17757,119.48819,Makassar
EV03338,D084,2026-03-16 04:08:23,-7.26436,112.70164,Surabaya
EV03768,D034,2026-03-16 04:21:12,3.62625,98.65514,Medan
EV03044,D044,2026-03-16 04:28:23,-6.13449,106.76388,Jakarta
EV01721,D090,2026-03-16 05:26:25,-6.85824,107.64039,Bandung
EV00466,D090,2026-03-16 05:49:25,-6.86762,107.60404,Bandung
EV03313,D047,2026-03-16 07:34:16,-6.89952,107.63869,Bandung
EV03394,D011,2026-03-16 07:45:13,-6.82205,107.53437,Bandung
EV01954,D010,2026-03-16 08:35:35,-5.15585,119.43996,Makassar
EV00367,D024,2026-03-16 10:30:53,3.65003,98.60777,Medan
EV02875,D004,2026-03-16 10:37:15,-7.21025,112.73414,Surabaya
EV01878,D084,2026-03-16 10:59:32,-7.24337,112.7708,Surabaya
EV03006,D037,2026-03-16 12:09:24,-5.16538,119.41585,Makassar
EV00976,D092,2026-03-16 12:55:59,-6.80737,107.52153,Bandung
EV02114,D086,2026-03-16 13:53:01,-5.19579,119.49296,Makassar
EV03383,D091,2026-03-16 14:58:03,-6.8628,107.57307,Bandung
EV03236,D058,2026-03-16 16:07:48,-5.17826,119.40348,Makassar
EV00959,D075,2026-03-16 16:55:46,-7.28897,112.75421,Surabaya
EV00329,D011,2026-03-16 17:07:46,-6.81924,107.66992,Bandung
EV02604,D080,2026-03-16 17:20:04,-7.2052,112.74284,Surabaya
EV01829,D095,2026-03-16 17:38:08,-7.2324,112.70116,Surabaya
EV03964,D075,2026-03-16 19:17:20,-7.2345,112.71128,Surabaya
EV02577,D081,2026-03-16 19:21:20,-5.19366,119.41319,Makassar
EV00565,D004,2026-03-16 19:47:38,-7.2281,112.70672,Surabaya
EV02467,D062,2026-03-16 19:48:37,3.69277,98.67628,Medan
EV02571,D060,2026-03-16 22:00:31,-6.88942,107.52831,Bandung
EV00512,D015,2026-03-16 22:04:11,3.68625,98.65798,Medan
EV00232,D082,2026-03-16 22:35:42,-6.29131,106.83268,Jakarta
EV00743,D020,2026-03-16 23:40:33,-5.1109,119.44902,Makassar
EV03116,D038,2026-03-16 23:40:47,-6.86836,107.62819,Bandung
EV03879,D015,2026-03-16 23:45:27,3.64487,98.6138,Medan
EV02644,D012,2026-03-17 00:02:47,-6.18747,106.76063,Jakarta
EV03631,D082,2026-03-17 00:12:46,-6.15836,106.75956,Jakarta
EV03340,D049,2026-03-17 00:40:35,3.61348,98.68169,Medan
EV02697,D068,2026-03-17 01:14:34,-6.85112,107.65804,Bandung
EV01405,D027,2026-03-17 01:35:12,-6.85941,107.67279,Bandung
EV02826,D037,2026-03-17 01:56:09,-5.16846,119.48737,Makassar
EV02920,D003,2026-03-17 01:58:04,-6.25881,106.83038,Jakarta
EV02255,D069,2026-03-17 02:06:31,-7.25807,112.78736,Surabaya
EV03644,D043,2026-03-17 02:22:44,-6.26671,106.75018,Jakarta
EV03958,D007,2026-03-17 02:36:05,-5.11378,119.42291,Makassar
EV00467,D071,2026-03-17 03:08:57,-6.8701,107.51424,Bandung
EV00332,D060,2026-03-17 03:47:32,-6.80079,107.57068,Bandung
EV03043,D072,2026-03-17 04:04:37,-5.19637,119.43482,Makassar
EV01927,D025,2026-03-17 04:13:35,3.66486,98.67244,Medan
EV00033,D011,2026-03-17 04:18:05,-6.82863,107.67805,Bandung
EV00422,D071,2026-03-17 04:25:03,-6.81029,107.57284,Bandung
EV01275,D054,2026-03-17 06:05:22,-5.19687,119.49902,Makassar
EV01340,D053,2026-03-17 07:04:40,3.66496,98.68035,Medan
EV02285,D065,2026-03-17 07:09:05,-7.29211,112.72923,Surabaya
EV01370,D055,2026-03-17 07:13:16,-5.11205,119.48563,Makassar
EV01409,D022,2026-03-17 07:18:17,3.54041,98.60362,Medan
EV02177,D031,2026-03-17 08:10:58,3.68582,98.60144,Medan
EV02419,D046,2026-03-17 08:23:26,-5.1208,119.48505,Makassar
EV00477,D050,2026-03-17 09:29:08,-5.12151,119.46957,Makassar
EV00541,D082,2026-03-17 10:14:46,-6.28789,106.71757,Jakarta
EV00240,D046,2026-03-17 10:41:35,-5.16703,119.46129,Makassar
EV02445,D013,2026-03-17 10:54:08,-6.2057,106.74035,Jakarta
EV03988,D013,2026-03-17 10:55:18,-6.15513,106.88013,Jakarta
EV02449,D029,2026-03-17 11:31:46,-6.84717,107.54454,Bandung
EV02182,D072,2026-03-17 12:18:35,-5.13326,119.48784,Makassar
EV02656,D090,2026-03-17 12:37:55,-6.888,107.59416,Bandung
EV00127,D029,2026-03-17 12:55:26,-6.85038,107.65218,Bandung
EV03040,D007,2026-03-17 13:02:15,-5.17486,119.42307,Makassar
EV02657,D074,2026-03-17 14:08:46,-7.29054,112.76461,Surabaya
EV00653,D071,2026-03-17 15:06:35,-6.86159,107.64292,Bandung
EV03921,D053,2026-03-17 15:14:05,3.6499,98.63428,Medan
EV01243,D083,2026-03-17 15:35:10,3.56961,98.66696,Medan
EV00854,D070,2026-03-17 15:40:38,-7.21136,112.76198,Surabaya
EV00179,D025,2026-03-17 16:00:36,3.5143,98.69843,Medan
EV01150,D026,2026-03-17 17:33:33,-6.80229,107.65181,Bandung
EV03242,D075,2026-03-17 18:17:22,-7.21756,112.73404,Surabaya
EV02587,D065,2026-03-17 18:43:23,-7.28433,112.74355,Surabaya
EV02058,D030,2026-03-17 19:24:14,3.54698,98.62321,Medan
EV03489,D030,2026-03-17 19:35:28,3.57964,98.60267,Medan
EV01130,D089,2026-03-17 19:47:42,-7.23265,112.7224,Surabaya
EV00078,D054,2026-03-17 20:12:40,-5.15593,119.43245,Makassar
EV01419,D092,2026-03-17 20:47:30,-6.87964,107.54359,Bandung
EV00305,D020,2026-03-17 20:54:19,-5.12853,119.43108,Makassar
EV01108,D032,2026-03-17 21:31:05,-5.14125,119.45717,Makassar
EV03305,D020,2026-03-17 21:45:08,-5.15926,119.47625,Makassar
EV03316,D075,2026-03-17 22:31:28,-7.282,112.71778,Surabaya
EV01854,D004,2026-03-17 22:36:45,-7.29946,112.7047,Surabaya
EV00461,D085,2026-03-17 22:40:41,3.60871,98.60086,Medan
EV00982,D071,2026-03-17 23:34:18,-6.8402,107.61787,Bandung
EV00536,D024,2026-03-18 00:38:27,3.57912,98.66829,Medan
EV03816,D029,2026-03-18 01:11:26,-6.89798,107.69501,Bandung
EV02196,D013,2026-03-18 01:14:00,-6.2581,106.86013,Jakarta
EV01632,D048,2026-03-18 01:14:10,-5.13098,119.46358,Makassar
EV00685,D017,2026-03-18 02:17:53,-5.19242,119.44982,Makassar
EV00408,D042,2026-03-18 03:59:41,-6.82977,107.5914,Bandung
EV00411,D085,2026-03-18 04:14:35,3.57385,98.69167,Medan
EV03527,D065,2026-03-18 04:45:45,-7.27952,112.7695,Surabaya
EV00652,D032,2026-03-18 04:50:04,-5.18746,119.44927,Makassar
EV02167,D089,2026-03-18 05:48:15,-7.22003,112.79434,Surabaya
EV00291,D013,2026-03-18 06:18:18,-6.12134,106.74256,Jakarta
EV02299,D056,2026-03-18 08:02:11,-7.26844,112.78214,Surabaya
EV03416,D028,2026-03-18 08:26:27,-5.18239,119.45693,Makassar
EV00007,D053,2026-03-18 09:35:23,3.53782,98.66043,Medan
EV01517,D019,2026-03-18 09:43:32,-7.24071,112.71364,Surabaya
EV00650,D095,2026-03-18 10:01:42,-7.27217,112.76386,Surabaya
EV01081,D002,2026-03-18 10:25:10,-6.83481,107.66184,Bandung
EV00363,D090,2026-03-18 10:44:48,-6.89329,107.66918,Bandung
EV03709,D045,2026-03-18 10:52:12,-7.25465,112.79031,Surabaya
EV01258,D008,2026-03-18 10:57:19,-6.2138,106.77358,Jakarta
EV02446,D071,2026-03-18 11:40:48,-6.87838,107.62527,Bandung
EV02715,D036,2026-03-18 11:58:31,-6.11077,106.7795,Jakarta
EV01378,D072,2026-03-18 12:36:33,-5.10346,119.42625,Makassar
EV03719,D088,2026-03-18 12:53:30,-5.18338,119.40993,Makassar
EV00624,D062,2026-03-18 13:17:01,3.52027,98.61613,Medan
EV01870,D080,2026-03-18 14:42:08,-7.24084,112.78367,Surabaya
EV02673,D035,2026-03-18 14:44:08,3.61706,98.65141,Medan
EV03887,D089,2026-03-18 15:24:34,-7.25145,112.7574,Surabaya
EV03442,D005,2026-03-18 16:31:57,-6.84243,107.62338,Bandung
EV03708,D025,2026-03-18 17:30:44,3.50625,98.62436,Medan
EV01925,D092,2026-03-18 20:13:34,-6.89216,107.62532,Bandung
EV00202,D016,2026-03-18 20:29:37,-7.25157,112.76935,Surabaya
EV03741,D091,2026-03-18 20:36:35,-6.82725,107.61982,Bandung
EV02294,D025,2026-03-18 20:48:52,3.52841,98.66192,Medan
EV03679,D085,2026-03-18 21:30:39,3.52725,98.68121,Medan
EV00789,D028,2026-03-18 23:08:01,-5.18725,119.43484,Makassar
EV00155,D085,2026-03-18 23:46:27,3.63651,98.607,Medan
EV01635,D073,2026-03-18 23:55:30,-6.21621,106.74284,Jakarta
EV02292,D066,2026-03-19 00:45:10,-6.80062,107.52462,Bandung
EV00231,D053,2026-03-19 01:16:51,3.68025,98.62164,Medan
EV01580,D039,2026-03-19 02:15:06,-5.17806,119.48989,Makassar
EV03764,D005,2026-03-19 04:15:24,-6.82714,107.68584,Bandung
EV00435,D059,2026-03-19 04:25:26,-7.23327,112.75993,Surabaya
EV01978,D021,2026-03-19 06:06:08,3.68565,98.62701,Medan
EV01973,D080,2026-03-19 06:20:14,-7.23214,112.76936,Surabaya
EV01391,D071,2026-03-19 06:29:27,-6.87746,107.50193,Bandung
EV00569,D082,2026-03-19 08:25:05,-6.12129,106.8605,Jakarta
EV01169,D038,2026-03-19 09:22:17,-6.83081,107.68875,Bandung
EV02274,D045,2026-03-19 11:05:24,-7.28107,112.74531,Surabaya
EV00592,D083,2026-03-19 11:31:33,3.674,98.62637,Medan
EV01513,D004,2026-03-19 11:53:00,-7.26848,112.74882,Surabaya
EV00014,D015,2026-03-19 13:36:40,3.59643,98.62964,Medan
EV01244,D081,2026-03-19 14:37:23,-5.14133,119.41321,Makassar
EV00932,D050,2026-03-19 14:39:11,-5.16809,119.49285,Makassar
EV00673,D029,2026-03-19 15:12:36,-6.87892,107.68437,Bandung
EV01794,D054,2026-03-19 15:55:08,-5.12307,119.47501,Makassar
EV02621,D065,2026-03-19 16:12:10,-7.29853,112.73517,Surabaya
EV02664,D042,2026-03-19 16:14:20,-6.88537,107.69336,Bandung
EV00826,D064,2026-03-19 17:05:29,-5.13545,119.48731,Makassar
EV01300,D028,2026-03-19 17:22:51,-5.10846,119.42564,Makassar
EV02887,D066,2026-03-19 17:28:26,-6.82147,107.54059,Bandung
EV01947,D051,2026-03-19 18:06:08,-6.13328,106.83963,Jakarta
EV00488,D086,2026-03-19 18:29:01,-5.10186,119.41362,Makassar
EV00551,D004,2026-03-19 19:04:29,-7.29975,112.79661,Surabaya
EV00133,D083,2026-03-19 19:05:01,3.588,98.68974,Medan
EV01371,D058,2026-03-19 19:16:35,-5.18063,119.41232,Makassar
EV02215,D076,2026-03-19 20:33:43,3.57805,98.64738,Medan
EV02893,D088,2026-03-19 20:36:03,-5.1678,119.49044,Makassar
EV02857,D013,2026-03-19 22:10:39,-6.25747,106.77755,Jakarta
EV03720,D062,2026-03-19 22:26:18,3.53013,98.66419,Medan
EV03065,D070,2026-03-19 22:53:29,-7.2349,112.74677,Surabaya
EV02705,D059,2026-03-20 01:33:51,-7.24124,112.70098,Surabaya
EV01030,D031,2026-03-20 02:09:02,3.60318,98.62052,Medan
EV01622,D015,2026-03-20 02:14:59,3.56639,98.65139,Medan
EV01351,D075,2026-03-20 02:20:58,-7.22439,112.72238,Surabaya
EV00579,D008,2026-03-20 02:50:51,-6.17237,106.7869,Jakarta
EV01530,D068,2026-03-20 03:33:14,-6.83794,107.57072,Bandung
EV01937,D022,2026-03-20 04:21:38,3.63234,98.68375,Medan
EV01711,D014,2026-03-20 04:53:10,-7.20537,112.76532,Surabaya
EV02097,D048,2026-03-20 05:18:52,-5.18277,119.44009,Makassar
EV01768,D092,2026-03-20 05:31:27,-6.8158,107.54213,Bandung
EV03264,D024,2026-03-20 05:46:40,3.56809,98.68181,Medan
EV03770,D014,2026-03-20 06:05:19,-7.26772,112.72507,Surabaya
EV03658,D001,2026-03-20 06:15:44,-7.23123,112.7495,Surabaya
EV00740,D041,2026-03-20 07:10:24,-7.20563,112.71908,Surabaya
EV00142,D038,2026-03-20 07:39:31,-6.86563,107.59576,Bandung
EV01786,D043,2026-03-20 07:41:36,-6.24607,106.86812,Jakarta
EV00934,D063,2026-03-20 07:46:42,-6.84423,107.66663,Bandung
EV00989,D065,2026-03-20 08:10:23,-7.276,112.72848,Surabaya
EV02181,D034,2026-03-20 08:17:36,3.62912,98.69151,Medan
EV01657,D084,2026-03-20 08:29:15,-7.22446,112.74729,Surabaya
EV03957,D046,2026-03-20 08:49:08,-5.15805,119.49671,Makassar
EV01259,D087,2026-03-20 09:43:20,-6.15832,106.79278,Jakarta
EV01819,D072,2026-03-20 09:49:17,-5.17253,119.48996,Makassar
EV01751,D060,2026-03-20 10:12:37,-6.80174,107.64099,Bandung
EV02534,D073,2026-03-20 10:17:45,-6.17709,106.82716,Jakarta
EV01272,D047,2026-03-20 10:52:54,-6.8519,107.63302,Bandung
EV03688,D008,2026-03-20 10:58:49,-6.29854,106.79093,Jakarta
EV01974,D063,2026-03-20 12:08:43,-6.81694,107.57966,Bandung
EV00148,D059,2026-03-20 12:40:27,-7.26366,112.78141,Surabaya
EV00633,D015,2026-03-20 13:28:51,3.57698,98.69847,Medan
EV01744,D075,2026-03-20 14:29:24,-7.25722,112.70867,Surabaya
EV00782,D065,2026-03-20 14:29:56,-7.24758,112.71606,Surabaya
EV03683,D070,2026-03-20 14:39:22,-7.21368,112.72542,Surabaya
EV00625,D073,2026-03-20 14:53:08,-6.29108,106.70566,Jakarta
EV03885,D094,2026-03-20 15:01:20,-5.14033,119.48822,Makassar
EV00567,D007,2026-03-20 15:25:31,-5.1238,119.40018,Makassar
EV00277,D080,2026-03-20 16:05:46,-7.26207,112.74689,Surabaya
EV01514,D090,2026-03-20 16:13:28,-6.83836,107.68987,Bandung
EV02125,D037,2026-03-20 19:29:46,-5.17981,119.42163,Makassar
EV03760,D004,2026-03-20 19:41:51,-7.2747,112.7666,Surabaya
EV01002,D047,2026-03-20 21:03:53,-6.87156,107.6625,Bandung
EV00741,D079,2026-03-20 21:11:00,-5.1251,119.42206,Makassar
EV01533,D086,2026-03-20 22:00:15,-5.19004,119.45661,Makassar
EV03311,D017,2026-03-20 22:03:44,-5.18135,119.49606,Makassar
EV01437,D086,2026-03-20 22:11:52,-5.11407,119.49581,Makassar
EV01714,D091,2026-03-20 22:14:16,-6.88436,107.65624,Bandung
EV01843,D056,2026-03-20 23:16:07,-7.24383,112.76122,Surabaya
EV02110,D058,2026-03-20 23:51:08,-5.18301,119.41783,Makassar
EV02229,D023,2026-03-21 00:24:12,-7.20746,112.7211,Surabaya
EV03468,D026,2026-03-21 01:44:44,-6.88335,107.63996,Bandung
EV00482,D083,2026-03-21 01:56:24,3.53262,98.61839,Medan
EV01173,D089,2026-03-21 03:52:07,-7.22116,112.79428,Surabaya
EV02278,D079,2026-03-21 04:08:00,-5.12312,119.47699,Makassar
EV00400,D027,2026-03-21 04:32:44,-6.82218,107.65682,Bandung
EV02013,D044,2026-03-21 06:25:51,-6.21805,106.85831,Jakarta
EV01141,D042,2026-03-21 06:37:28,-6.81138,107.6996,Bandung
EV03385,D029,2026-03-21 07:32:17,-6.8662,107.56578,Bandung
EV01504,D009,2026-03-21 08:00:07,3.61634,98.67646,Medan
EV02606,D021,2026-03-21 08:42:03,3.6637,98.66633,Medan
EV01315,D048,2026-03-21 08:54:24,-5.1462,119.47177,Makassar
EV02303,D086,2026-03-21 09:29:42,-5.11723,119.41723,Makassar
EV02600,D053,2026-03-21 09:31:58,3.59821,98.64525,Medan
EV03322,D065,2026-03-21 10:12:36,-7.23629,112.78275,Surabaya
EV01972,D090,2026-03-21 10:12:42,-6.8593,107.64204,Bandung
EV03568,D025,2026-03-21 10:15:59,3.52285,98.68909,Medan
EV02655,D005,2026-03-21 10:24:57,-6.85429,107.55568,Bandung
EV02109,D041,2026-03-21 11:02:26,-7.24582,112.71848,Surabaya
EV01595,D057,2026-03-21 11:34:33,-5.1497,119.44234,Makassar
EV01669,D083,2026-03-21 11:36:53,3.58223,98.61969,Medan
EV00106,D078,2026-03-21 11:54:15,-6.11875,106.83872,Jakarta
EV00922,D025,2026-03-21 12:10:30,3.68419,98.63982,Medan
EV01850,D035,2026-03-21 12:44:18,3.5407,98.61779,Medan
EV03390,D043,2026-03-21 12:50:50,-6.21003,106.77569,Jakarta
EV01904,D010,2026-03-21 13:44:12,-5.10537,119.46122,Makassar
EV01943,D039,2026-03-21 14:06:23,-5.16391,119.44315,Makassar
EV03281,D062,2026-03-21 14:11:57,3.61734,98.61747,Medan
EV03608,D032,2026-03-21 14:35:16,-5.15124,119.49806,Makassar
EV00251,D091,2026-03-21 14:38:05,-6.80137,107.64732,Bandung
EV00241,D042,2026-03-21 14:57:06,-6.84081,107.51049,Bandung
EV02564,D063,2026-03-21 15:36:32,-6.85695,107.60348,Bandung
EV02710,D053,2026-03-21 16:31:27,3.55613,98.61558,Medan
EV03979,D034,2026-03-21 17:43:26,3.61913,98.69151,Medan
EV01147,D028,2026-03-21 18:17:45,-5.16995,119.42092,Makassar
EV01611,D005,2026-03-21 18:29:15,-6.81943,107.54901,Bandung
EV01082,D095,2026-03-21 18:32:16,-7.29384,112.79126,Surabaya
EV03863,D062,2026-03-21 18:38:54,3.68968,98.68704,Medan
EV01599,D031,2026-03-21 19:46:26,3.60735,98.60157,Medan
EV02525,D011,2026-03-21 20:17:44,-6.86364,107.57491,Bandung
EV03226,D072,2026-03-21 20:41:16,-5.13192,119.46403,Makassar
EV00492,D014,2026-03-21 21:17:04,-7.21392,112.78944,Surabaya
EV00119,D022,2026-03-21 21:22:13,3.61754,98.64275,Medan
EV00890,D056,2026-03-21 22:18:02,-7.26845,112.70958,Surabaya
EV01983,D025,2026-03-21 22:29:54,3.63877,98.60869,Medan
EV00138,D075,2026-03-21 23:52:19,-7.27641,112.78225,Surabaya
EV01800,D090,2026-03-22 00:18:30,-6.87681,107.57098,Bandung
EV02707,D027,2026-03-22 00:46:05,-6.82845,107.60922,Bandung
EV02575,D031,2026-03-22 01:05:25,3.56768,98.68496,Medan
EV00458,D048,2026-03-22 01:53:27,-5.13008,119.4899,Makassar
EV00635,D020,2026-03-22 03:43:27,-5.15958,119.49224,Makassar
EV03148,D093,2026-03-22 03:44:14,-7.27006,112.70347,Surabaya
EV02464,D004,2026-03-22 03:53:57,-7.26238,112.79322,Surabaya
EV03371,D051,2026-03-22 04:29:17,-6.23721,106.86715,Jakarta
EV03032,D061,2026-03-22 04:41:02,-6.81515,107.62297,Bandung
EV03562,D037,2026-03-22 04:46:53,-5.16192,119.41145,Makassar
EV00775,D082,2026-03-22 07:03:05,-6.17874,106.84849,Jakarta
EV03814,D007,2026-03-22 07:42:13,-5.1962,119.43346,Makassar
EV03205,D092,2026-03-22 08:03:34,-6.81413,107.59659,Bandung
EV02306,D005,2026-03-22 08:17:27,-6.809,107.60197,Bandung
EV02228,D015,2026-03-22 08:22:56,3.608,98.67076,Medan
EV02016,D018,2026-03-22 08:47:13,-6.29687,106.78556,Jakarta
EV03541,D052,2026-03-22 09:45:59,-7.21113,112.71807,Surabaya
EV01404,D076,2026-03-22 10:09:47,3.54367,98.60961,Medan
EV01314,D088,2026-03-22 11:08:40,-5.17689,119.46334,Makassar
EV00849,D053,2026-03-22 11:37:21,3.59805,98.66024,Medan
EV01853,D035,2026-03-22 11:47:00,3.62558,98.61959,Medan
EV02220,D031,2026-03-22 11:48:45,3.54736,98.64142,Medan
EV01009,D086,2026-03-22 12:23:33,-5.15189,119.42217,Makassar
EV01990,D051,2026-03-22 13:14:14,-6.218,106.82393,Jakarta
EV00077,D081,2026-03-22 14:29:02,-5.15419,119.41165,Makassar
EV01406,D062,2026-03-22 14:52:37,3.50801,98.67735,Medan
EV03514,D026,2026-03-22 15:00:40,-6.82764,107.57841,Bandung
EV01444,D014,2026-03-22 15:11:35,-7.2922,112.79487,Surabaya
EV01834,D095,2026-03-22 15:51:44,-7.25143,112.71557,Surabaya
EV00217,D087,2026-03-22 16:07:47,-6.21296,106.83619,Jakarta
EV00249,D067,2026-03-22 16:14:33,-5.19143,119.44745,Makassar
EV01838,D049,2026-03-22 17:15:11,3.52673,98.64489,Medan
EV01581,D047,2026-03-22 17:35:05,-6.80345,107.66911,Bandung
EV01755,D016,2026-03-22 17:35:21,-7.25705,112.71934,Surabaya
EV02711,D083,2026-03-22 18:05:53,3.50318,98.63266,Medan
EV03799,D051,2026-03-22 18:24:28,-6.26728,106.81872,Jakarta
EV03801,D031,2026-03-22 19:42:05,3.6797,98.67122,Medan
EV03294,D075,2026-03-22 21:02:23,-7.20365,112.78873,Surabaya
EV02862,D010,2026-03-22 21:17:00,-5.10741,119.46724,Makassar
EV02225,D084,2026-03-22 21:55:28,-7.24813,112.70092,Surabaya
EV02670,D090,2026-03-22 22:06:39,-6.89708,107.59371,Bandung
EV03756,D010,2026-03-22 22:31:29,-5.14583,119.47072,Makassar
EV00609,D015,2026-03-22 23:03:59,3.58946,98.63699,Medan
EV01358,D003,2026-03-22 23:04:15,-6.26198,106.71643,Jakarta
EV00060,D058,2026-03-22 23:16:58,-5.10762,119.42838,Makassar
EV02053,D028,2026-03-22 23:38:40,-5.11159,119.45876,Makassar
EV02788,D017,2026-03-22 23:40:51,-5.14598,119.41082,Makassar
EV02151,D008,2026-03-22 23:48:39,-6.11832,106.76516,Jakarta
EV01387,D029,2026-03-22 23:53:00,-6.85867,107.6269,Bandung
EV03563,D080,2026-03-23 00:24:00,-7.27239,112.71421,Surabaya
EV00871,D022,2026-03-23 00:45:49,3.55266,98.67099,Medan
EV02513,D019,2026-03-23 01:18:57,-7.23836,112.76544,Surabaya
EV02699,D052,2026-03-23 01:30:35,-7.29239,112.71151,Surabaya
EV00117,D082,2026-03-23 01:31:24,-6.18756,106.89543,Jakarta
EV00350,D091,2026-03-23 01:41:33,-6.86265,107.55728,Bandung
EV00748,D035,2026-03-23 03:18:08,3.67783,98.6756,Medan
EV03111,D025,2026-03-23 03:23:34,3.52493,98.67817,Medan
EV00552,D082,2026-03-23 03:36:14,-6.16124,106.74225,Jakarta
EV00145,D065,2026-03-23 04:33:59,-7.24931,112.771,Surabaya
EV03841,D093,2026-03-23 05:22:20,-7.27943,112.79577,Surabaya
EV01309,D037,2026-03-23 05:40:31,-5.13549,119.47727,Makassar
EV03912,D069,2026-03-23 05:41:49,-7.27273,112.75376,Surabaya
EV02573,D091,2026-03-23 05:43:56,-6.86033,107.53826,Bandung
EV00865,D055,2026-03-23 06:16:02,-5.17406,119.40794,Makassar
EV00792,D058,2026-03-23 06:42:19,-5.17406,119.46573,Makassar
EV00540,D018,2026-03-23 07:55:51,-6.22361,106.72835,Jakarta
EV01288,D017,2026-03-23 08:30:45,-5.15524,119.40084,Makassar
EV03793,D024,2026-03-23 09:00:21,3.64435,98.68151,Medan
EV02122,D064,2026-03-23 09:54:25,-5.10057,119.4675,Makassar
EV01056,D019,2026-03-23 10:24:39,-7.26179,112.70353,Surabaya
EV00287,D062,2026-03-23 10:48:45,3.60932,98.6166,Medan
EV02474,D063,2026-03-23 11:16:16,-6.87083,107.65791,Bandung
EV01816,D046,2026-03-23 12:32:06,-5.17485,119.44456,Makassar
EV01091,D087,2026-03-23 12:34:26,-6.22077,106.74672,Jakarta
EV03055,D063,2026-03-23 12:58:06,-6.88555,107.54682,Bandung
EV02590,D018,2026-03-23 13:00:34,-6.21011,106.72459,Jakarta
EV00265,D010,2026-03-23 13:22:31,-5.1384,119.43464,Makassar
EV00954,D018,2026-03-23 13:41:36,-6.2703,106.78668,Jakarta
EV01274,D024,2026-03-23 14:32:21,3.61175,98.69334,Medan
EV00853,D053,2026-03-23 15:26:33,3.61906,98.60504,Medan
EV01152,D072,2026-03-23 15:46:04,-5.12111,119.41089,Makassar
EV03077,D026,2026-03-23 16:10:36,-6.82393,107.649,Bandung
EV03380,D033,2026-03-23 17:33:30,-5.1468,119.40046,Makassar
EV00824,D012,2026-03-23 17:56:42,-6.24131,106.85731,Jakarta
EV01232,D086,2026-03-23 18:34:04,-5.1807,119.41168,Makassar
EV03857,D074,2026-03-23 18:42:13,-7.28752,112.79652,Surabaya
EV00443,D006,2026-03-23 18:49:41,-7.27801,112.76122,Surabaya
EV02344,D019,2026-03-23 19:20:49,-7.2517,112.73297,Surabaya
EV02794,D094,2026-03-23 19:29:27,-5.17768,119.40851,Makassar
EV01172,D024,2026-03-23 19:39:35,3.58749,98.66395,Medan
EV03532,D082,2026-03-23 20:31:56,-6.10437,106.86185,Jakarta
EV00732,D019,2026-03-23 21:53:53,-7.27754,112.73334,Surabaya
EV01422,D083,2026-03-23 22:25:47,3.61999,98.62717,Medan
EV02421,D038,2026-03-23 22:41:06,-6.81948,107.60331,Bandung
EV03927,D056,2026-03-23 23:04:00,-7.23493,112.76221,Surabaya
EV00894,D062,2026-03-23 23:04:18,3.56056,98.68827,Medan
EV00671,D095,2026-03-23 23:08:06,-7.24312,112.72542,Surabaya
EV02223,D063,2026-03-23 23:59:16,-6.88131,107.62089,Bandung
EV02302,D051,2026-03-24 00:09:23,-6.21801,106.7225,Jakarta
EV03534,D052,2026-03-24 00:23:11,-7.29563,112.79738,Surabaya
EV03291,D027,2026-03-24 00:37:56,-6.81635,107.55983,Bandung
EV01411,D081,2026-03-24 00:50:18,-5.19904,119.43074,Makassar
EV02535,D003,2026-03-24 01:20:52,-6.18425,106.85309,Jakarta
EV00191,D052,2026-03-24 02:31:37,-7.25666,112.73982,Surabaya
EV00289,D038,2026-03-24 02:38:05,-6.82899,107.69556,Bandung
EV03575,D021,2026-03-24 02:51:56,3.5673,98.66647,Medan
EV00357,D073,2026-03-24 03:09:00,-6.13872,106.79248,Jakarta
EV03662,D062,2026-03-24 03:42:49,3.54534,98.66292,Medan
EV02581,D026,2026-03-24 05:43:23,-6.85447,107.66196,Bandung
EV01473,D091,2026-03-24 06:41:37,-6.80279,107.51727,Bandung
EV00805,D064,2026-03-24 07:39:59,-5.11711,119.45045,Makassar
EV01201,D050,2026-03-24 08:01:44,-5.18683,119.48421,Makassar
EV03498,D074,2026-03-24 08:07:30,-7.25998,112.77825,Surabaya
EV02737,D063,2026-03-24 08:08:28,-6.85082,107.66918,Bandung
EV03669,D078,2026-03-24 09:12:00,-6.12174,106.79712,Jakarta
EV00280,D009,2026-03-24 10:40:18,3.67188,98.67811,Medan
EV02666,D008,2026-03-24 12:05:27,-6.23746,106.74943,Jakarta
EV01357,D082,2026-03-24 12:09:36,-6.2739,106.76626,Jakarta
EV01872,D029,2026-03-24 13:33:58,-6.85227,107.64019,Bandung
EV02781,D080,2026-03-24 14:12:20,-7.24031,112.7475,Surabaya
EV03124,D076,2026-03-24 15:00:30,3.51854,98.61908,Medan
EV00206,D022,2026-03-24 15:38:53,3.58305,98.6143,Medan
EV01306,D039,2026-03-24 15:58:21,-5.18347,119.42107,Makassar
EV01884,D022,2026-03-24 16:05:13,3.57415,98.65114,Medan
EV00657,D026,2026-03-24 16:51:51,-6.81077,107.63527,Bandung
EV01516,D064,2026-03-24 16:57:11,-5.10773,119.40341,Makassar
EV00257,D070,2026-03-24 17:26:54,-7.29965,112.7405,Surabaya
EV03889,D077,2026-03-24 17:27:54,-6.13316,106.77113,Jakarta
EV00296,D051,2026-03-24 17:56:34,-6.16545,106.84284,Jakarta
EV02052,D013,2026-03-24 19:16:36,-6.10901,106.88427,Jakarta
EV03585,D078,2026-03-24 19:31:26,-6.27885,106.78955,Jakarta
EV03997,D052,2026-03-24 20:04:10,-7.23503,112.79111,Surabaya
EV02880,D046,2026-03-24 20:15:58,-5.15255,119.48662,Makassar
EV00211,D003,2026-03-24 20:55:26,-6.12822,106.76793,Jakarta
EV02045,D045,2026-03-24 21:12:07,-7.24466,112.78786,Surabaya
EV03689,D063,2026-03-24 21:25:32,-6.88624,107.60547,Bandung
EV03622,D004,2026-03-24 21:29:45,-7.28935,112.71631,Surabaya
EV02503,D028,2026-03-24 22:41:48,-5.19102,119.40977,Makassar
EV00998,D058,2026-03-24 23:24:38,-5.1307,119.43122,Makassar
EV01286,D011,2026-03-24 23:38:45,-6.87061,107.67622,Bandung
EV01179,D076,2026-03-24 23:51:13,3.66766,98.66832,Medan
EV02319,D055,2026-03-25 00:04:12,-5.15708,119.42107,Makassar
EV02931,D072,2026-03-25 00:05:47,-5.17804,119.43591,Makassar
EV03287,D007,2026-03-25 01:10:46,-5.14399,119.49141,Makassar
EV00539,D032,2026-03-25 01:16:18,-5.15167,119.46075,Makassar
EV01771,D083,2026-03-25 03:41:35,3.53045,98.62547,Medan
EV03082,D041,2026-03-25 04:35:31,-7.22057,112.78244,Surabaya
EV02921,D059,2026-03-25 05:53:53,-7.21631,112.77088,Surabaya
EV01703,D083,2026-03-25 05:54:32,3.59441,98.65047,Medan
EV01524,D092,2026-03-25 06:43:38,-6.88433,107.51492,Bandung
EV01774,D065,2026-03-25 06:56:51,-7.29235,112.79104,Surabaya
EV01285,D085,2026-03-25 06:58:25,3.55346,98.65655,Medan
EV02291,D025,2026-03-25 07:11:01,3.66869,98.60234,Medan
EV00325,D062,2026-03-25 07:27:16,3.57215,98.60412,Medan
EV03789,D062,2026-03-25 07:46:29,3.64826,98.60748,Medan
EV03891,D003,2026-03-25 08:14:29,-6.22552,106.8059,Jakarta
EV00340,D069,2026-03-25 08:51:17,-7.21115,112.74218,Surabaya
EV00424,D009,2026-03-25 09:37:51,3.55202,98.67928,Medan
EV02793,D012,2026-03-25 09:54:10,-6.12007,106.84366,Jakarta
EV02282,D078,2026-03-25 10:10:16,-6.26719,106.73069,Jakarta
EV02439,D092,2026-03-25 10:17:00,-6.8667,107.66036,Bandung
EV02372,D001,2026-03-25 10:40:30,-7.20801,112.71489,Surabaya
EV02307,D058,2026-03-25 11:09:35,-5.11062,119.43602,Makassar
EV03257,D017,2026-03-25 11:30:03,-5.15973,119.44774,Makassar
EV03548,D053,2026-03-25 11:51:09,3.51849,98.66254,Medan
EV00281,D004,2026-03-25 13:08:34,-7.29814,112.70577,Surabaya
EV00839,D050,2026-03-25 13:11:29,-5.11136,119.48219,Makassar
EV00028,D087,2026-03-25 14:51:15,-6.29669,106.76605,Jakarta
EV02734,D008,2026-03-25 15:20:44,-6.14518,106.89353,Jakarta
EV01563,D076,2026-03-25 15:25:16,3.57231,98.67857,Medan
EV00379,D082,2026-03-25 15:25:23,-6.13213,106.83443,Jakarta
EV00870,D095,2026-03-25 15:44:42,-7.29382,112.7261,Surabaya
EV02489,D023,2026-03-25 15:53:47,-7.22066,112.74337,Surabaya
EV01968,D052,2026-03-25 16:37:38,-7.28353,112.72438,Surabaya
EV02713,D033,2026-03-25 16:40:50,-5.16775,119.46205,Makassar
EV00394,D038,2026-03-25 19:48:55,-6.88592,107.62916,Bandung
EV03229,D026,2026-03-25 20:25:49,-6.86285,107.53535,Bandung
EV01760,D016,2026-03-25 20:37:44,-7.28784,112.72935,Surabaya
EV00173,D036,2026-03-25 20:51:26,-6.2882,106.7896,Jakarta
EV01889,D015,2026-03-25 21:31:25,3.61508,98.66557,Medan
EV01977,D029,2026-03-25 21:54:49,-6.81247,107.53693,Bandung
EV00037,D039,2026-03-25 22:48:09,-5.19217,119.46197,Makassar
EV01460,D055,2026-03-25 23:32:20,-5.18533,119.40501,Makassar
EV00545,D024,2026-03-26 00:18:19,3.5491,98.64736,Medan
EV01029,D023,2026-03-26 01:21:03,-7.23988,112.71551,Surabaya
EV00349,D040,2026-03-26 01:43:27,-5.19866,119.47931,Makassar
EV03577,D054,2026-03-26 01:49:36,-5.18882,119.42611,Makassar
EV02401,D059,2026-03-26 02:06:40,-7.26573,112.73364,Surabaya
EV01483,D005,2026-03-26 02:14:04,-6.89461,107.59487,Bandung
EV00874,D047,2026-03-26 02:38:43,-6.81744,107.62678,Bandung
EV03274,D092,2026-03-26 02:40:57,-6.86923,107.62958,Bandung
EV01523,D015,2026-03-26 02:48:47,3.64182,98.64037,Medan
EV00901,D075,2026-03-26 02:56:13,-7.24716,112.71622,Surabaya
EV02495,D023,2026-03-26 03:38:22,-7.25956,112.71662,Surabaya
EV02558,D017,2026-03-26 04:15:29,-5.11324,119.46439,Makassar
EV00972,D063,2026-03-26 04:29:18,-6.87366,107.62599,Bandung
EV02402,D047,2026-03-26 04:38:01,-6.83682,107.54125,Bandung
EV00292,D015,2026-03-26 05:24:27,3.6654,98.64205,Medan
EV00193,D044,2026-03-26 05:46:57,-6.11556,106.70761,Jakarta
EV03950,D007,2026-03-26 07:45:21,-5.17358,119.46707,Makassar
EV02149,D027,2026-03-26 08:08:39,-6.89812,107.61044,Bandung
EV00063,D029,2026-03-26 09:21:37,-6.83427,107.60164,Bandung
EV01811,D011,2026-03-26 09:30:51,-6.89512,107.61428,Bandung
EV01554,D064,2026-03-26 10:51:04,-5.11682,119.47864,Makassar
EV03744,D057,2026-03-26 11:04:26,-5.17562,119.48325,Makassar
EV01381,D060,2026-03-26 11:19:20,-6.89849,107.56922,Bandung
EV01797,D074,2026-03-26 12:15:52,-7.2368,112.79069,Surabaya
EV00863,D075,2026-03-26 13:10:17,-7.24268,112.79797,Surabaya
EV03728,D072,2026-03-26 13:39:20,-5.18148,119.46326,Makassar
EV01866,D060,2026-03-26 14:06:01,-6.86243,107.57841,Bandung
EV00819,D021,2026-03-26 14:24:20,3.52567,98.67677,Medan
EV03645,D090,2026-03-26 15:32:08,-6.83178,107.5758,Bandung
EV02889,D022,2026-03-26 16:48:35,3.52083,98.68235,Medan
EV02252,D057,2026-03-26 17:10:28,-5.16512,119.48769,Makassar
EV01826,D017,2026-03-26 17:18:29,-5.15291,119.41769,Makassar
EV02881,D029,2026-03-26 17:22:41,-6.82852,107.65656,Bandung
EV03961,D069,2026-03-26 17:31:14,-7.2194,112.77046,Surabaya
EV01368,D026,2026-03-26 17:58:29,-6.8348,107.66639,Bandung
EV03591,D080,2026-03-26 18:42:58,-7.20258,112.74405,Surabaya
EV01114,D088,2026-03-26 18:56:06,-5.14681,119.44159,Makassar
EV00162,D001,2026-03-26 19:36:28,-7.27145,112.74529,Surabaya
EV02127,D085,2026-03-26 20:45:46,3.60548,98.64552,Medan
EV03947,D095,2026-03-26 21:56:41,-7.251,112.7357,Surabaya
EV03972,D090,2026-03-26 22:04:24,-6.85429,107.64391,Bandung
EV02185,D057,2026-03-26 22:58:31,-5.18756,119.41142,Makassar
EV01722,D088,2026-03-26 23:01:18,-5.12167,119.49573,Makassar
EV03016,D041,2026-03-26 23:16:27,-7.20178,112.7575,Surabaya
EV00090,D008,2026-03-27 00:34:05,-6.17618,106.82115,Jakarta
EV02460,D002,2026-03-27 00:48:09,-6.82229,107.62705,Bandung
EV03800,D025,2026-03-27 00:51:32,3.57771,98.63277,Medan
EV00050,D051,2026-03-27 01:10:54,-6.14459,106.77862,Jakarta
EV00618,D044,2026-03-27 01:25:40,-6.1803,106.71156,Jakarta
EV00882,D079,2026-03-27 02:11:03,-5.10043,119.41223,Makassar
EV03848,D013,2026-03-27 04:06:00,-6.21065,106.73691,Jakarta
EV02442,D003,2026-03-27 04:14:46,-6.26742,106.85698,Jakarta
EV03603,D049,2026-03-27 04:50:11,3.68886,98.62672,Medan
EV02129,D034,2026-03-27 04:57:25,3.65824,98.60352,Medan
EV01242,D017,2026-03-27 05:38:27,-5.1626,119.42052,Makassar
EV03010,D086,2026-03-27 05:41:35,-5.13689,119.42112,Makassar
EV01809,D040,2026-03-27 05:59:26,-5.11055,119.42542,Makassar
EV03740,D089,2026-03-27 06:33:49,-7.27557,112.74678,Surabaya
EV01016,D079,2026-03-27 07:15:34,-5.19949,119.431,Makassar
EV02325,D081,2026-03-27 08:19:03,-5.1004,119.41223,Makassar
EV01649,D007,2026-03-27 10:30:55,-5.1812,119.41989,Makassar
EV00978,D014,2026-03-27 11:51:56,-7.29874,112.79378,Surabaya
EV03231,D036,2026-03-27 12:02:12,-6.19969,106.85016,Jakarta
EV01295,D032,2026-03-27 12:22:40,-5.18297,119.4718,Makassar
EV01299,D005,2026-03-27 12:33:18,-6.89542,107.6245,Bandung
EV01929,D065,2026-03-27 12:46:05,-7.29579,112.75384,Surabaya
EV03678,D043,2026-03-27 13:08:58,-6.16797,106.75451,Jakarta
EV03663,D018,2026-03-27 14:51:37,-6.19181,106.71182,Jakarta
EV03367,D025,2026-03-27 14:58:01,3.6923,98.69331,Medan
EV01916,D077,2026-03-27 14:59:43,-6.1076,106.74809,Jakarta
EV01212,D083,2026-03-27 15:40:28,3.61973,98.62705,Medan
EV03906,D043,2026-03-27 15:54:59,-6.11089,106.8868,Jakarta
EV01616,D014,2026-03-27 17:20:11,-7.23955,112.76806,Surabaya
EV02695,D053,2026-03-27 17:43:51,3.5426,98.60516,Medan
EV02625,D093,2026-03-27 18:38:05,-7.24377,112.77296,Surabaya
EV01659,D023,2026-03-27 19:03:35,-7.23355,112.70847,Surabaya
EV01328,D029,2026-03-27 19:21:17,-6.88637,107.69755,Bandung
EV01515,D091,2026-03-27 19:46:37,-6.84812,107.60567,Bandung
EV01684,D087,2026-03-27 19:52:04,-6.24875,106.76482,Jakarta
EV03531,D091,2026-03-27 20:01:58,-6.80203,107.57784,Bandung
EV00804,D006,2026-03-27 21:09:09,-7.27246,112.78077,Surabaya
EV02809,D037,2026-03-27 22:04:53,-5.12247,119.49322,Makassar
EV03657,D064,2026-03-27 23:34:57,-5.11878,119.46343,Makassar
EV00418,D086,2026-03-27 23:52:40,-5.12851,119.40511,Makassar
EV00639,D075,2026-03-28 00:26:01,-7.2436,112.72197,Surabaya
EV02533,D035,2026-03-28 00:26:53,3.51131,98.66537,Medan
EV03574,D094,2026-03-28 00:38:01,-5.14409,119.47463,Makassar
EV00594,D074,2026-03-28 00:40:16,-7.26857,112.77961,Surabaya
EV03216,D021,2026-03-28 00:40:27,3.57574,98.61125,Medan
EV02552,D010,2026-03-28 00:53:46,-5.1137,119.41739,Makassar
EV01484,D072,2026-03-28 01:02:39,-5.15065,119.41442,Makassar
EV00530,D085,2026-03-28 01:56:40,3.52757,98.65199,Medan
EV03765,D088,2026-03-28 02:57:08,-5.11757,119.43277,Makassar
EV02360,D033,2026-03-28 03:07:48,-5.14167,119.4898,Makassar
EV00412,D003,2026-03-28 03:34:34,-6.21492,106.84094,Jakarta
EV01695,D083,2026-03-28 04:20:00,3.50196,98.68922,Medan
EV02943,D011,2026-03-28 04:57:04,-6.83717,107.65792,Bandung
EV02077,D051,2026-03-28 06:02:52,-6.20734,106.7794,Jakarta
EV00598,D003,2026-03-28 07:41:51,-6.20025,106.83334,Jakarta
EV00123,D020,2026-03-28 07:44:59,-5.19987,119.49979,Makassar
EV00983,D025,2026-03-28 08:18:51,3.66464,98.64817,Medan
EV00015,D037,2026-03-28 08:55:31,-5.13121,119.43744,Makassar
EV03384,D071,2026-03-28 09:26:27,-6.88081,107.6598,Bandung
EV03129,D009,2026-03-28 09:45:15,3.54344,98.61165,Medan
EV01570,D040,2026-03-28 09:45:20,-5.17058,119.41656,Makassar
EV00525,D071,2026-03-28 10:53:07,-6.81793,107.67658,Bandung
EV00574,D005,2026-03-28 10:55:08,-6.86602,107.58706,Bandung
EV03069,D040,2026-03-28 11:09:53,-5.19339,119.47673,Makassar
EV00808,D063,2026-03-28 11:22:12,-6.85688,107.57835,Bandung
EV03930,D025,2026-03-28 11:32:51,3.68656,98.63595,Medan
EV01903,D085,2026-03-28 11:38:18,3.59331,98.68859,Medan
EV02457,D041,2026-03-28 12:22:14,-7.25767,112.76604,Surabaya
EV02646,D066,2026-03-28 12:38:04,-6.87925,107.5865,Bandung
EV00405,D042,2026-03-28 14:24:36,-6.86328,107.50722,Bandung
EV00660,D003,2026-03-28 14:58:53,-6.14234,106.86276,Jakarta
EV01680,D036,2026-03-28 15:48:26,-6.15142,106.71541,Jakarta
EV02054,D040,2026-03-28 16:05:34,-5.18394,119.42632,Makassar
EV02219,D038,2026-03-28 16:29:34,-6.89777,107.67822,Bandung
EV03984,D029,2026-03-28 16:33:25,-6.83461,107.57581,Bandung
EV01486,D015,2026-03-28 16:35:55,3.5814,98.68683,Medan
EV00437,D040,2026-03-28 16:47:32,-5.10509,119.4977,Makassar
EV03936,D046,2026-03-28 17:06:14,-5.19471,119.46129,Makassar
EV02166,D088,2026-03-28 17:25:40,-5.18958,119.41641,Makassar
EV00272,D006,2026-03-28 17:35:07,-7.26866,112.72373,Surabaya
EV02056,D074,2026-03-28 17:41:38,-7.2515,112.7187,Surabaya
EV02531,D046,2026-03-28 18:17:45,-5.11548,119.48468,Makassar
EV01596,D087,2026-03-28 18:18:02,-6.22245,106.8399,Jakarta
EV02293,D083,2026-03-28 19:22:16,3.52492,98.66738,Medan
EV00575,D048,2026-03-28 19:26:43,-5.17155,119.48419,Makassar
EV03960,D095,2026-03-28 19:37:10,-7.25459,112.7622,Surabaya
EV01672,D084,2026-03-28 20:17:35,-7.23647,112.77382,Surabaya
EV01098,D065,2026-03-28 20:45:11,-7.29087,112.73807,Surabaya
EV03167,D036,2026-03-28 21:33:56,-6.23284,106.73573,Jakarta
EV01364,D016,2026-03-28 21:47:15,-7.29668,112.76483,Surabaya
EV01578,D081,2026-03-28 21:51:15,-5.16008,119.41735,Makassar
EV01723,D007,2026-03-28 22:08:17,-5.19165,119.44145,Makassar
EV01931,D023,2026-03-28 22:52:13,-7.20392,112.77024,Surabaya
EV00169,D069,2026-03-28 23:31:04,-7.2417,112.77439,Surabaya
EV01379,D061,2026-03-29 00:01:33,-6.83578,107.57782,Bandung
EV00493,D086,2026-03-29 00:03:56,-5.15223,119.42879,Makassar
EV02945,D055,2026-03-29 01:22:24,-5.11627,119.42622,Makassar
EV01248,D025,2026-03-29 02:13:46,3.68718,98.67033,Medan
EV01433,D087,2026-03-29 02:22:52,-6.21519,106.70261,Jakarta
EV02973,D058,2026-03-29 02:41:49,-5.19832,119.48085,Makassar
EV00654,D017,2026-03-29 02:48:33,-5.17071,119.44296,Makassar
EV00752,D087,2026-03-29 04:05:41,-6.17065,106.89429,Jakarta
EV02579,D036,2026-03-29 04:44:16,-6.146,106.78824,Jakarta
EV02691,D070,2026-03-29 04:48:29,-7.2364,112.71292,Surabaya
EV02735,D001,2026-03-29 04:54:48,-7.23883,112.74827,Surabaya
EV01593,D045,2026-03-29 05:10:23,-7.25859,112.75488,Surabaya
EV00649,D080,2026-03-29 05:45:34,-7.24663,112.76764,Surabaya
EV01696,D055,2026-03-29 05:52:43,-5.1383,119.44135,Makassar
EV01301,D048,2026-03-29 06:33:17,-5.10191,119.46459,Makassar
EV02236,D044,2026-03-29 06:33:49,-6.1434,106.80997,Jakarta
EV03721,D027,2026-03-29 06:37:38,-6.81499,107.58649,Bandung
EV01374,D008,2026-03-29 08:31:03,-6.25848,106.86782,Jakarta
EV01003,D001,2026-03-29 08:44:44,-7.24294,112.70848,Surabaya
EV02694,D011,2026-03-29 10:23:48,-6.86319,107.54969,Bandung
EV03166,D078,2026-03-29 11:43:40,-6.19829,106.71941,Jakarta
EV02324,D037,2026-03-29 11:54:55,-5.12467,119.4411,Makassar
EV02669,D027,2026-03-29 13:23:49,-6.81889,107.50886,Bandung
EV02174,D033,2026-03-29 14:30:23,-5.15858,119.4364,Makassar
EV03110,D043,2026-03-29 15:50:16,-6.19026,106.88654,Jakarta
EV00806,D045,2026-03-29 16:23:22,-7.24901,112.72152,Surabaya
EV00699,D020,2026-03-29 16:40:53,-5.18548,119.42728,Makassar
EV03725,D019,2026-03-29 16:53:01,-7.22936,112.79802,Surabaya
EV03109,D071,2026-03-29 17:09:50,-6.88236,107.69172,Bandung
EV02418,D043,2026-03-29 18:54:55,-6.20143,106.83962,Jakarta
EV00876,D067,2026-03-29 19:03:48,-5.1604,119.475,Makassar
EV03513,D076,2026-03-29 19:06:03,3.66091,98.67832,Medan
EV03802,D083,2026-03-29 19:11:23,3.64372,98.69654,Medan
EV03080,D061,2026-03-29 19:30:38,-6.84268,107.63887,Bandung
EV01329,D073,2026-03-29 20:39:45,-6.10401,106.83903,Jakarta
EV03956,D005,2026-03-29 22:20:20,-6.85336,107.66296,Bandung
EV00632,D069,2026-03-29 22:21:02,-7.27959,112.78638,Surabaya
EV00201,D079,2026-03-29 22:43:28,-5.1566,119.407,Makassar
EV01863,D094,2026-03-29 23:03:10,-5.19654,119.46639,Makassar
EV03818,D059,2026-03-29 23:16:55,-7.20848,112.75176,Surabaya
EV01189,D041,2026-03-29 23:17:32,-7.20224,112.72542,Surabaya
EV00620,D075,2026-03-30 00:45:28,-7.20451,112.79858,Surabaya
EV01122,D077,2026-03-30 01:56:10,-6.28959,106.8927,Jakarta
EV01227,D079,2026-03-30 01:56:38,-5.18137,119.46916,Makassar
EV01876,D084,2026-03-30 02:13:39,-7.28348,112.76292,Surabaya
EV00406,D049,2026-03-30 03:03:41,3.61786,98.60495,Medan
EV00042,D046,2026-03-30 04:43:16,-5.19728,119.49162,Makassar
EV03014,D048,2026-03-30 06:03:11,-5.19214,119.47993,Makassar
EV00717,D030,2026-03-30 07:15:21,3.69026,98.69428,Medan
EV01738,D053,2026-03-30 07:18:20,3.58404,98.62465,Medan
EV03635,D081,2026-03-30 07:28:41,-5.11813,119.49981,Makassar
EV03775,D025,2026-03-30 07:50:07,3.5152,98.67197,Medan
EV03977,D044,2026-03-30 09:41:34,-6.20179,106.7288,Jakarta
EV03378,D032,2026-03-30 09:59:02,-5.18865,119.47706,Makassar
EV00167,D087,2026-03-30 10:26:04,-6.19563,106.73182,Jakarta
EV00113,D053,2026-03-30 11:30:49,3.67293,98.69308,Medan
EV00062,D048,2026-03-30 11:48:25,-5.13661,119.40976,Makassar
EV02337,D013,2026-03-30 11:58:19,-6.27402,106.83436,Jakarta
EV00856,D069,2026-03-30 12:10:00,-7.23045,112.75651,Surabaya
EV00187,D079,2026-03-30 13:11:09,-5.12401,119.43366,Makassar
EV03734,D045,2026-03-30 13:11:13,-7.27703,112.72197,Surabaya
EV03241,D083,2026-03-30 13:34:57,3.69957,98.66015,Medan
EV01509,D037,2026-03-30 14:11:17,-5.10517,119.49049,Makassar
EV03301,D095,2026-03-30 15:01:49,-7.22967,112.76858,Surabaya
EV02749,D023,2026-03-30 15:37:15,-7.28388,112.77757,Surabaya
EV02049,D056,2026-03-30 16:18:48,-7.21029,112.74452,Surabaya
EV00591,D055,2026-03-30 17:47:29,-5.17065,119.40377,Makassar
EV03894,D090,2026-03-30 17:59:07,-6.82037,107.67183,Bandung
EV01846,D053,2026-03-30 18:42:19,3.64008,98.61103,Medan
EV03137,D076,2026-03-30 18:58:22,3.54481,98.69599,Medan
EV00085,D036,2026-03-30 19:17:35,-6.12018,106.89348,Jakarta
EV00791,D082,2026-03-30 19:55:27,-6.12151,106.88288,Jakarta
EV01976,D056,2026-03-30 20:14:29,-7.22927,112.75782,Surabaya
EV01801,D015,2026-03-30 20:59:46,3.57835,98.65949,Medan
EV03738,D081,2026-03-30 22:01:34,-5.19576,119.47608,Makassar
EV01320,D032,2026-03-30 22:07:50,-5.11646,119.49538,Makassar
EV02910,D088,2026-03-30 22:10:40,-5.16369,119.41665,Makassar
EV00472,D089,2026-03-30 22:12:12,-7.25739,112.78437,Surabaya
EV03235,D077,2026-03-30 22:57:34,-6.20249,106.8258,Jakarta
EV01124,D045,2026-03-30 23:34:24,-7.20477,112.77149,Surabaya
